34703,5.9375,6.25,6.5,7,7.4375,7.8125,7.995,8.105,8.145,8.16,8.175,8.205,8.27,8.32,8.35
34710,5.875,6.125,6.3359,6.875,7.25,7.625,7.975,8.095,8.135,8.15,8.155,8.175,8.23,8.27,8.34
34717,5.875,6.125,6.3125,6.75,7.125,7.4375,7.855,7.975,8.045,8.055,8.085,8.105,8.19,8.23,8.28
34724,6.0625,6.1875,6.375,6.8125,7.1875,7.5,7.825,7.985,8.075,8.095,8.135,8.195,8.25,8.29,8.36
34731,6.125,6.1875,6.3125,6.6562,6.9375,7.25,7.685,7.845,7.925,7.945,8.005,8.045,8.12,8.16,8.24
34738,6.125,6.1875,6.25,6.5625,6.875,7.125,7.475,7.635,7.715,7.755,7.825,7.905,7.98,8.02,8.12
34745,6.125,6.1875,6.25,6.5625,6.875,7.1875,7.385,7.525,7.605,7.675,7.735,7.825,7.88,7.92,8.06
34752,6.1172,6.1875,6.25,6.5,6.75,7,7.105,7.265,7.365,7.445,7.565,7.705,7.73,7.82,8.01
34759,6.125,6.1875,6.25,6.4375,6.5625,6.75,7.005,7.145,7.245,7.315,7.435,7.575,7.7,7.77,7.93
34766,6.125,6.25,6.3125,6.5625,6.75,7,7.175,7.305,7.395,7.455,7.575,7.715,7.84,7.89,8.03
34773,6.125,6.1875,6.25,6.4375,6.5625,6.75,6.925,7.035,7.125,7.185,7.315,7.475,7.58,7.68,7.84
34780,6.125,6.1875,6.25,6.4375,6.5625,6.75,6.965,7.125,7.235,7.305,7.435,7.585,7.73,7.79,7.92
34787,6.125,6.1875,6.3047,6.5,6.5625,6.75,6.895,7.065,7.185,7.245,7.375,7.515,7.65,7.74,7.82
34794,6.125,6.1875,6.25,6.4375,6.5625,6.75,6.915,7.045,7.14,7.205,7.345,7.475,7.63,7.7,7.82
34801,6.125,6.1875,6.25,6.4375,6.5625,6.6875,6.835,6.955,7.07,7.135,7.265,7.445,7.58,7.63,7.77
34808,6.125,6.1875,6.25,6.375,6.5,6.5625,6.715,6.845,6.97,7.045,7.225,7.425,7.59,7.68,7.78
34815,6.0625,6.125,6.1875,6.3125,6.4375,6.5,6.715,6.845,6.97,7.045,7.205,7.375,7.54,7.63,7.73
34822,6.0625,6.125,6.1875,6.3125,6.4375,6.5625,6.635,6.775,6.885,6.965,7.105,7.295,7.46,7.53,7.64
34829,6.0625,6.0625,6.0625,6.125,6.125,6.125,6.245,6.405,6.515,6.605,6.765,6.955,7.17,7.27,7.37
34836,6.0625,6.125,6.125,6.125,6.125,6.1875,6.275,6.395,6.515,6.595,6.715,6.875,7.06,7.16,7.25
34843,6.0625,6.125,6.125,6.125,6.125,6.125,6.115,6.235,6.355,6.445,6.575,6.765,6.94,7.06,7.15
34850,6.0625,6.0625,6.0625,6,6,6,6.025,6.145,6.255,6.335,6.475,6.675,6.88,6.97,7.08
34857,6.0078,6,5.9375,5.8125,5.75,5.75,5.895,6.035,6.135,6.235,6.385,6.585,6.82,6.94,6.96
34864,6.0625,6.0625,6,5.875,5.8125,5.8125,5.825,5.965,6.095,6.185,6.345,6.555,6.8,6.89,7
34871,6.0625,6.0625,6,5.875,5.8125,5.75,5.825,5.955,6.095,6.195,6.345,6.525,6.78,6.87,6.98
34878,6.1172,6.0625,6,5.8867,5.8125,5.8125,5.795,5.925,6.055,6.165,6.315,6.485,6.75,6.84,6.95
34885,6.0625,6,6,5.9375,5.875,5.875,5.905,6.035,6.135,6.225,6.375,6.565,6.84,6.94,7
34892,5.8789,5.875,5.875,5.75,5.75,5.75,5.735,5.875,5.995,6.085,6.235,6.465,6.74,6.86,6.93
34899,5.875,5.875,5.875,5.875,5.875,5.875,6.075,6.225,6.365,6.445,6.605,6.805,7.08,7.21,7.27
34906,5.875,5.8828,5.8828,5.9062,5.9062,5.9375,6.115,6.285,6.435,6.535,6.675,6.855,7.13,7.25,7.27
34913,5.875,5.875,5.875,5.875,5.875,5.9297,6.015,6.165,6.325,6.405,6.565,6.805,7.08,7.19,7.23
34920,5.875,5.875,5.875,5.875,5.875,5.9219,6.075,6.255,6.395,6.505,6.665,6.855,7.14,7.26,7.29
34927,5.9375,5.9375,5.9414,6,6.0273,6.0859,6.235,6.405,6.545,6.635,6.765,6.925,7.19,7.28,7.31
34934,5.9375,5.9375,5.9375,5.9922,6,6.0625,6.265,6.425,6.575,6.655,6.805,6.965,7.24,7.31,7.29
34941,5.875,5.875,5.875,5.9062,5.9219,5.9375,6.015,6.165,6.305,6.395,6.545,6.715,6.98,7.07,7.07
34948,5.875,5.875,5.875,5.875,5.875,5.875,5.905,6.035,6.165,6.235,6.375,6.545,6.8,6.89,6.94
34955,5.875,5.875,5.875,5.875,5.875,5.875,5.955,6.075,6.205,6.295,6.415,6.575,6.82,6.92,6.91
34962,5.8125,5.8125,5.8125,5.8125,5.8086,5.8086,5.845,5.975,6.115,6.205,6.335,6.485,6.73,6.83,6.84
34969,5.875,5.875,5.875,5.9297,5.9375,5.9375,6.055,6.175,6.295,6.365,6.505,6.655,6.88,6.97,6.96
34976,5.875,5.875,5.9375,5.9375,5.9375,5.9336,5.905,6.015,6.125,6.185,6.325,6.485,6.73,6.81,6.83
34983,5.875,5.875,5.9375,5.918,5.875,5.875,5.905,6.025,6.135,6.195,6.335,6.485,6.73,6.8,6.83
34990,5.875,5.875,5.9375,5.875,5.8594,5.8594,5.835,5.935,6.025,6.105,6.225,6.365,6.59,6.69,6.69
34997,5.8711,5.875,5.9375,5.875,5.875,5.875,5.795,5.905,6.005,6.075,6.215,6.375,6.6,6.69,6.68
35004,5.8281,5.9375,5.9375,5.875,5.8125,5.8125,5.715,5.815,5.925,6.015,6.155,6.345,6.57,6.65,6.65
35011,5.8125,5.9258,5.875,5.75,5.6875,5.6875,5.645,5.765,5.875,5.965,6.115,6.305,6.53,6.62,6.61
35018,5.8125,5.9336,5.875,5.75,5.6875,5.6875,5.675,5.795,5.915,6.005,6.165,6.335,6.56,6.66,6.65
35025,5.8125,5.9141,5.8672,5.6875,5.625,5.625,5.665,5.765,5.895,5.995,6.145,6.325,6.52,6.59,6.66
35032,5.9727,5.9062,5.875,5.6953,5.625,5.625,5.565,5.675,5.785,5.895,6.055,6.235,6.43,6.51,6.59
35039,5.9375,5.8594,5.8125,5.625,5.5547,5.5,5.465,5.555,5.655,5.745,5.895,6.055,6.26,6.35,6.4
35046,5.9375,5.8633,5.8125,5.6602,5.5742,5.5625,5.515,5.615,5.745,5.835,5.965,6.125,6.32,6.39,6.42
35053,5.75,5.6875,5.668,5.5547,5.4844,5.4375,5.475,5.575,5.715,5.825,5.965,6.135,6.34,6.43,6.47
35060,5.75,5.6875,5.6875,5.5625,5.4805,5.4414,5.385,5.505,5.625,5.735,5.875,6.045,6.26,6.35,6.37
35067,5.625,5.625,5.625,5.5,5.4375,5.375,5.305,5.425,5.535,5.635,5.785,5.965,6.18,6.27,6.3
35074,5.625,5.625,5.5898,5.4766,5.3906,5.3633,5.365,5.515,5.665,5.775,5.955,6.165,6.39,6.48,6.51
35081,5.6133,5.5625,5.5586,5.4336,5.3125,5.25,5.155,5.285,5.425,5.535,5.725,5.935,6.18,6.28,6.32
35088,5.5625,5.5352,5.5,5.375,5.3008,5.2344,5.155,5.305,5.455,5.575,5.765,5.965,6.2,6.31,6.34
35095,5.4375,5.3984,5.375,5.2656,5.1875,5.125,5.035,5.205,5.375,5.495,5.715,5.955,6.19,6.3,6.35
35102,5.3633,5.3516,5.3008,5.1836,5.1211,5.0625,5.025,5.205,5.395,5.545,5.785,6.055,6.3,6.42,6.49
35109,5.3125,5.3125,5.25,5.125,5.0625,4.9961,4.945,5.115,5.285,5.455,5.695,6.005,6.25,6.37,6.46
35116,5.3125,5.3125,5.293,5.25,5.2461,5.2422,5.315,5.495,5.675,5.815,6.055,6.345,6.59,6.69,6.76
35123,5.3125,5.3125,5.2695,5.25,5.25,5.25,5.545,5.745,5.905,6.035,6.245,6.495,6.74,6.84,6.84
35130,5.3125,5.3125,5.293,5.25,5.2539,5.2656,5.485,5.695,5.875,5.995,6.205,6.455,6.68,6.79,6.81
35137,5.375,5.375,5.4141,5.4414,5.5547,5.6719,5.895,6.105,6.265,6.395,6.565,6.765,6.96,7.07,7.06
35144,5.4102,5.4102,5.4375,5.5,5.625,5.75,5.925,6.115,6.265,6.365,6.555,6.765,6.96,7.04,7.04
35151,5.4219,5.4258,5.4375,5.4492,5.5117,5.625,5.975,6.165,6.315,6.435,6.595,6.755,6.95,7.05,7.06
35158,5.4375,5.4375,5.4609,5.5,5.6016,5.6875,5.945,6.145,6.295,6.385,6.565,6.705,6.88,6.98,7.03
35165,5.5,5.5,5.5352,5.6172,5.7383,5.8711,6.275,6.475,6.645,6.755,6.925,7.055,7.24,7.31,7.31
35172,5.4648,5.5,5.5,5.5625,5.6875,5.8125,6.155,6.365,6.525,6.635,6.815,6.965,7.14,7.24,7.24
35179,5.4375,5.4688,5.4805,5.5508,5.6719,5.7969,6.145,6.335,6.515,6.635,6.815,6.995,7.17,7.27,7.23
35186,5.4375,5.4688,5.5,5.5977,5.75,5.8789,6.23,6.45,6.6,6.72,6.89,7.09,7.27,7.37,7.3
35193,5.4375,5.4805,5.5,5.6289,5.8125,5.9805,6.38,6.61,6.79,6.9,7.08,7.28,7.36,7.42,7.38
35200,5.418,5.4414,5.4805,5.5625,5.7344,5.8516,6.19,6.4,6.56,6.68,6.86,7.06,7.22,7.27,7.27
35207,5.4375,5.4531,5.4922,5.582,5.75,5.8828,6.21,6.43,6.57,6.68,6.86,7.05,7.19,7.25,7.22
35214,5.4297,5.4414,5.4805,5.5859,5.75,5.8789,6.23,6.45,6.59,6.7,6.88,7.05,7.32,7.4,7.35
35221,5.457,5.5,5.5352,5.6875,5.875,6.0625,6.44,6.67,6.8,6.91,7.06,7.23,7.36,7.41,7.37
35228,5.4805,5.543,5.6094,5.793,6.0117,6.1992,6.59,6.8,6.95,7.07,7.21,7.37,7.59,7.65,7.6
35235,5.4375,5.5,5.5625,5.75,5.9727,6.1484,6.5,6.71,6.86,6.98,7.13,7.3,7.48,7.55,7.5
35242,5.4922,5.5039,5.5703,5.7656,5.9844,6.168,6.52,6.705,6.84,6.94,7.1,7.27,7.44,7.47,7.41
35249,5.5,5.5352,5.5977,5.7969,5.9492,6.1172,6.43,6.62,6.71,6.84,7,7.17,7.28,7.35,7.3
35256,5.5,5.6055,5.6875,5.9141,6.1055,6.2852,6.545,6.725,6.89,6.985,7.145,7.325,7.48,7.52,7.48
35263,5.4688,5.5625,5.6602,5.8555,6,6.168,6.425,6.625,6.79,6.885,7.035,7.205,7.33,7.39,7.39
35270,5.4375,5.543,5.625,5.8242,5.9766,6.125,6.455,6.635,6.8,6.885,7.025,7.215,7.37,7.43,7.39
35277,5.4648,5.5898,5.6758,5.8828,6.0352,6.2188,6.415,6.585,6.725,6.815,6.985,7.145,7.29,7.33,7.33
35284,5.4297,5.4961,5.5391,5.6875,5.7812,5.8828,6.125,6.325,6.455,6.545,6.715,6.895,7.04,7.1,7.13
35291,5.418,5.4688,5.5,5.6875,5.7852,5.8945,6.125,6.325,6.465,6.565,6.735,6.895,7.06,7.12,7.16
35298,5.4141,5.4766,5.5,5.6797,5.7773,5.8867,6.155,6.355,6.515,6.625,6.795,6.965,7.12,7.18,7.22
35305,5.4062,5.4727,5.5312,5.7266,5.875,6.0117,6.365,6.535,6.715,6.825,6.975,7.145,7.3,7.37,7.37
35312,5.4727,5.5625,5.6367,5.875,6.0625,6.2461,6.575,6.765,6.905,7.005,7.155,7.295,7.45,7.5,7.5
35319,5.5039,5.5625,5.625,5.8789,6.0625,6.2188,6.505,6.695,6.835,6.945,7.095,7.265,7.42,7.48,7.5
35326,5.4805,5.5625,5.625,5.8164,5.9805,6.125,6.395,6.595,6.745,6.845,7.005,7.155,7.33,7.38,7.39
35333,5.4453,5.5,5.5625,5.75,5.8828,6.0391,6.265,6.455,6.595,6.705,6.875,7.035,7.17,7.22,7.28
35340,5.4336,5.4883,5.625,5.7266,5.8398,5.9453,6.165,6.355,6.505,6.605,6.775,6.945,7.08,7.14,7.19
35347,5.3828,5.4375,5.5312,5.625,5.7227,5.8125,6.115,6.305,6.435,6.575,6.715,6.905,7.04,7.11,7.18
35354,5.375,5.4414,5.5352,5.625,5.75,5.8555,6.065,6.255,6.415,6.535,6.715,6.885,7.04,7.12,7.19
35361,5.375,5.4375,5.5312,5.625,5.75,5.8438,6.065,6.255,6.405,6.515,6.685,6.865,7.02,7.1,7.13
35368,5.375,5.5,5.5,5.5625,5.625,5.7227,5.925,6.115,6.255,6.355,6.505,6.705,6.87,6.95,6.99
35375,5.375,5.5,5.5,5.5469,5.6055,5.6875,5.905,6.055,6.185,6.285,6.425,6.61,6.76,6.84,6.91
35382,5.375,5.5,5.5,5.543,5.625,5.6953,5.875,6.03,6.145,6.24,6.38,6.595,6.68,6.77,6.8
35389,5.375,5.5,5.5,5.5391,5.5977,5.6797,5.845,5.965,6.1,6.19,6.325,6.48,6.62,6.72,6.79
35396,5.375,5.5,5.5,5.5469,5.6055,5.6875,5.805,5.945,6.055,6.135,6.275,6.435,6.61,6.7,6.77
35403,5.5625,5.5,5.5,5.5391,5.5977,5.6836,5.805,5.925,6.035,6.125,6.265,6.405,6.6,6.69,6.73
35410,5.5977,5.5312,5.5312,5.5938,5.6562,5.75,5.975,6.135,6.275,6.375,6.535,6.635,6.88,6.95,6.97
35417,5.6445,5.5781,5.582,5.625,5.7227,5.8125,6.09,6.265,6.405,6.51,6.675,6.855,6.94,7.01,7.02
35424,5.6641,5.6016,5.5938,5.625,5.7188,5.8125,5.995,6.155,6.275,6.365,6.515,6.675,6.84,6.91,6.92
35431,5.5,5.5273,5.5625,5.6016,5.6875,5.7891,6.025,6.215,6.355,6.465,6.595,6.745,6.91,6.98,6.98
35438,5.4883,5.5156,5.5625,5.6602,5.7656,5.8945,6.175,6.365,6.495,6.61,6.63,6.88,7.05,7.11,7.14
35445,5.4492,5.5078,5.5625,5.6875,5.7891,5.9375,6.165,6.325,6.455,6.555,6.685,6.89,7.01,7.08,7.12
35452,5.4375,5.5,5.5625,5.6836,5.7812,5.9102,6.175,6.335,6.475,6.565,6.695,6.895,7.04,7.1,7.15
35459,5.4375,5.5,5.5625,5.6875,5.8125,5.9688,6.165,6.365,6.485,6.585,6.705,6.88,7.08,7.16,7.19
35466,5.4375,5.5,5.5625,5.6289,5.7305,5.8516,6.055,6.225,6.365,6.455,6.615,6.775,6.93,7.01,7.04
35473,5.418,5.4766,5.5078,5.6016,5.6875,5.8125,6.045,6.215,6.325,6.425,6.57,6.745,6.9,6.97,6.98
35480,5.375,5.4375,5.4688,5.5508,5.6289,5.75,5.975,6.125,6.235,6.355,6.485,6.62,6.77,6.84,6.83
35487,5.375,5.4375,5.5,5.5938,5.6875,5.8125,6.225,6.405,6.525,6.59,6.725,6.74,7.06,7.13,7.14
35494,5.4375,5.5,5.5625,5.7188,5.875,6.0312,6.265,6.425,6.545,6.635,6.775,6.915,7.08,7.14,7.16
35501,5.4375,5.5,5.5625,5.7305,5.875,6.0312,6.305,6.475,6.595,6.685,6.825,6.965,7.12,7.19,7.22
35508,5.5,5.5625,5.625,5.7891,5.9766,6.125,6.405,6.605,6.725,6.815,6.955,7.095,7.25,7.31,7.31
35515,5.6875,5.7188,5.7617,5.9297,6.1016,6.2617,6.555,6.715,6.815,6.905,7.035,7.145,7.28,7.34,7.31
35522,5.6875,5.75,5.8125,5.9688,6.1562,6.3438,6.635,6.805,6.885,6.965,7.105,7.225,7.36,7.42,7.4
35529,5.6875,5.75,5.8125,6,6.1875,6.375,6.675,6.845,6.935,7.025,7.145,7.255,7.39,7.44,7.44
35536,5.6875,5.75,5.8438,6.0312,6.2188,6.4062,6.715,6.885,6.975,7.035,7.155,7.26,7.37,7.43,7.44
35543,5.6875,5.75,5.8281,6,6.1875,6.375,6.685,6.845,6.945,7.025,7.135,7.235,7.36,7.42,7.43
35550,5.6875,5.75,5.8164,6,6.1562,6.3125,6.525,6.665,6.755,6.845,6.955,7.085,7.21,7.27,7.29
35557,5.6875,5.75,5.8164,6,6.1562,6.2891,6.585,6.745,6.825,6.895,7.005,7.115,7.24,7.31,7.29
35564,5.6875,5.75,5.8125,6,6.125,6.25,6.475,6.615,6.705,6.765,6.885,7.025,7.16,7.22,7.22
35571,5.6875,5.75,5.8125,5.9688,6.0938,6.2188,6.475,6.635,6.735,6.825,6.955,7.085,7.21,7.27,7.31
35578,5.6875,5.75,5.8125,5.9961,6.125,6.2539,6.565,6.715,6.815,6.895,7.015,7.145,7.29,7.35,7.37
35585,5.6875,5.75,5.8125,5.9609,6.0938,6.2188,6.435,6.575,6.665,6.755,6.855,6.965,7.11,7.18,7.21
35592,5.6875,5.75,5.8125,5.9375,6.0625,6.1875,6.445,6.575,6.665,6.735,6.835,6.94,7.07,7.14,7.17
35599,5.6875,5.7188,5.7812,5.875,5.9727,6.0938,6.27,6.385,6.47,6.54,6.65,6.765,6.9,6.98,7.01
35606,5.6875,5.7188,5.7812,5.8789,5.9844,6.1016,6.315,6.435,6.525,6.595,6.705,6.825,6.96,7.03,7.08
35613,5.6875,5.7188,5.7812,5.9062,6,6.125,6.305,6.425,6.515,6.595,6.685,6.805,6.93,7,7.03
35620,5.6875,5.7188,5.75,5.8438,5.9375,6.0312,6.155,6.275,6.375,6.435,6.535,6.635,6.77,6.86,6.88
35627,5.6758,5.7188,5.75,5.8438,5.9375,6.0312,6.175,6.265,6.325,6.375,6.475,6.575,6.7,6.78,6.79
35634,5.6484,5.6758,5.7188,5.8125,5.875,5.9688,6.105,6.225,6.295,6.355,6.455,6.545,6.68,6.75,6.77
35641,5.625,5.6602,5.7188,5.8125,5.875,5.9688,6.055,6.135,6.195,6.255,6.345,6.465,6.57,6.64,6.65
35648,5.6328,5.6797,5.7188,5.8438,5.9375,6.0312,6.195,6.295,6.365,6.425,6.515,6.615,6.72,6.79,6.8
35655,5.6523,5.6875,5.75,5.875,6,6.125,6.24,6.345,6.435,6.505,6.615,6.765,6.87,6.94,7
35662,5.6289,5.6836,5.7188,5.8125,5.8945,5.9688,6.185,6.28,6.365,6.425,6.535,6.675,6.79,6.87,6.91
35669,5.6328,5.6875,5.7266,5.8438,5.9688,6.0625,6.265,6.395,6.475,6.545,6.645,6.785,6.9,6.97,6.98
35676,5.6562,5.6875,5.7188,5.8438,5.9375,6.0312,6.255,6.365,6.445,6.515,6.625,6.75,6.85,6.92,6.94
35683,5.6562,5.6875,5.7188,5.8438,5.9688,6.0625,6.285,6.395,6.475,6.555,6.655,6.775,6.9,6.97,6.99
35690,5.6562,5.6875,5.7188,5.8125,5.8867,5.9805,6.095,6.195,6.265,6.305,6.405,6.525,6.64,6.72,6.73
35697,5.6562,5.6875,5.7188,5.8125,5.875,5.9688,6.095,6.175,6.245,6.295,6.365,6.475,6.59,6.66,6.66
35704,5.6562,5.6875,5.7734,5.8438,5.9062,6,6.115,6.195,6.255,6.315,6.405,6.485,6.6,6.67,6.68
35711,5.625,5.6562,5.7188,5.7812,5.8438,5.9062,6.095,6.19,6.255,6.315,6.425,6.545,6.64,6.72,6.72
35718,5.625,5.6875,5.7539,5.8438,5.9375,6.0312,6.16,6.255,6.315,6.365,6.465,6.575,6.66,6.73,6.76
35725,5.6562,5.7188,5.8125,5.9062,6,6.0938,6.245,6.315,6.375,6.425,6.505,6.595,6.68,6.75,6.78
35732,5.6562,5.6875,5.7812,5.8398,5.8945,5.9688,5.995,6.095,6.155,6.195,6.295,6.395,6.47,6.54,6.61
35739,5.6562,5.7734,5.7734,5.8438,5.9062,5.9688,6.045,6.145,6.215,6.265,6.345,6.41,6.52,6.59,6.62
35746,5.6953,5.875,5.875,5.9375,6,6.0625,6.085,6.155,6.195,6.225,6.285,6.355,6.44,6.5,6.53
35753,5.6875,5.875,5.875,5.9062,5.9375,6,6.07,6.145,6.175,6.195,6.255,6.295,6.4,6.45,6.44
35760,5.6875,5.875,5.875,5.9062,5.9375,6,6.085,6.135,6.175,6.195,6.245,6.305,6.39,6.43,6.43
35767,6,5.9258,5.9375,5.9375,5.9844,6.0469,6.055,6.105,6.155,6.165,6.205,6.275,6.35,6.39,6.39
35774,6,5.9375,5.9375,5.9688,6.0312,6.0938,6.105,6.145,6.175,6.21,6.27,6.335,6.42,6.47,6.47
35781,5.9648,5.9062,5.9062,5.9141,5.9688,6.0312,6.075,6.115,6.13,6.155,6.205,6.265,6.34,6.39,6.39
35788,6,5.9062,5.9062,5.9062,5.9375,5.9688,6.045,6.075,6.105,6.145,6.185,6.225,6.29,6.32,6.32
35795,5.7188,5.7539,5.8125,5.8438,5.9062,5.9688,6.005,6.045,6.085,6.125,6.165,6.215,6.28,6.33,6.32
35802,5.6289,5.6602,5.6914,5.7188,5.7227,5.7539,5.785,5.825,5.855,5.875,5.935,6.005,6.1,6.15,6.18
35809,5.6094,5.6094,5.625,5.625,5.6406,5.6719,5.645,5.695,5.735,5.785,5.865,5.955,6.06,6.13,6.14
35816,5.6211,5.6211,5.625,5.625,5.6367,5.6562,5.685,5.735,5.785,5.835,5.925,6.025,6.13,6.19,6.2
35823,5.625,5.625,5.6289,5.6562,5.6875,5.7188,5.79,5.855,5.915,5.96,6.05,6.16,6.27,6.32,6.33
35830,5.6211,5.625,5.625,5.625,5.625,5.6562,5.655,5.715,5.765,5.795,5.905,6.005,6.14,6.22,6.25
35837,5.625,5.625,5.625,5.6562,5.6562,5.6875,5.705,5.755,5.79,5.835,5.91,6.025,6.15,6.21,6.24
35844,5.625,5.625,5.625,5.625,5.625,5.6562,5.685,5.745,5.785,5.825,5.905,5.975,6.11,6.19,6.22
35851,5.6328,5.6562,5.6719,5.6914,5.7383,5.7969,5.82,5.895,5.935,5.965,6.025,6.085,6.21,6.27,6.29
35858,5.6875,5.6875,5.6875,5.7188,5.7812,5.8438,5.895,5.95,6,6.045,6.12,6.205,6.33,6.39,6.41
35865,5.6875,5.6875,5.6875,5.7188,5.75,5.8125,5.865,5.915,5.955,5.985,6.055,6.125,6.25,6.32,6.33
35872,5.6836,5.6875,5.6875,5.6875,5.7188,5.7812,5.835,5.895,5.925,5.96,6.015,6.07,6.2,6.27,6.31
35879,5.6875,5.6875,5.6875,5.7188,5.75,5.8125,5.925,5.965,6.005,6.035,6.085,6.145,6.26,6.33,6.33
35886,5.6875,5.6875,5.707,5.75,5.8125,5.875,5.935,5.955,5.975,5.995,6.045,6.095,6.19,6.26,6.28
35893,5.6562,5.6562,5.6641,5.6875,5.7188,5.7812,5.855,5.885,5.93,5.975,6.025,6.105,6.21,6.28,6.3
35900,5.6562,5.6562,5.6875,5.7188,5.7812,5.8438,5.915,5.945,5.975,5.985,6.035,6.095,6.2,6.26,6.28
35907,5.6562,5.6562,5.6875,5.75,5.8125,5.875,5.965,5.995,6.025,6.045,6.105,6.165,6.27,6.33,6.34
35914,5.6562,5.6875,5.7188,5.8125,5.8789,5.9688,6.095,6.145,6.165,6.175,6.225,6.295,6.39,6.45,6.46
35921,5.6562,5.6875,5.6953,5.7812,5.8438,5.9062,5.925,5.975,5.995,6.015,6.075,6.155,6.25,6.3,6.33
35928,5.6562,5.6875,5.6914,5.7578,5.8438,5.9062,5.975,6.005,6.025,6.045,6.095,6.145,6.25,6.3,6.32
35935,5.6484,5.6875,5.6953,5.7695,5.8438,5.9023,5.935,5.965,5.995,6.025,6.065,6.125,6.22,6.27,6.28
35942,5.6445,5.6875,5.6875,5.75,5.8125,5.875,5.925,5.97,5.99,6.015,6.065,6.115,6.2,6.24,6.25
35949,5.6562,5.6875,5.6875,5.75,5.7812,5.8438,5.895,5.93,5.955,5.975,6.015,6.075,6.16,6.19,6.18
35956,5.6562,5.6875,5.6875,5.75,5.8125,5.875,5.905,5.925,5.95,5.975,6.005,6.045,6.11,6.14,6.115
35963,5.6484,5.6758,5.6875,5.7188,5.7812,5.8125,5.895,5.925,5.955,5.985,6.025,6.075,6.16,6.18,6.18
35970,5.6562,5.6797,5.6875,5.75,5.7812,5.8125,5.865,5.885,5.895,5.915,5.965,6.015,6.08,6.11,6.1
35977,5.6602,5.6875,5.7188,5.7812,5.8125,5.8438,5.845,5.855,5.875,5.895,5.935,5.985,6.05,6.08,6.06
35984,5.6562,5.6875,5.6875,5.75,5.7812,5.8125,5.825,5.855,5.87,5.89,5.935,5.99,6.06,6.1,6.08
35991,5.6562,5.6875,5.6875,5.75,5.7812,5.8125,5.825,5.855,5.885,5.925,5.975,6.045,6.12,6.16,6.17
35998,5.6562,5.6875,5.6875,5.75,5.7812,5.8125,5.835,5.865,5.895,5.915,5.955,6.02,6.09,6.13,6.13
36005,5.6562,5.6875,5.6875,5.75,5.7812,5.8125,5.895,5.915,5.935,5.975,6.025,6.075,6.16,6.21,6.21
36012,5.6523,5.6875,5.6875,5.75,5.75,5.7891,5.825,5.855,5.875,5.91,5.96,6.01,6.1,6.13,6.13
36019,5.6406,5.6758,5.6875,5.7188,5.7188,5.75,5.745,5.765,5.81,5.86,5.925,6,6.08,6.11,6.11
36026,5.6484,5.6797,5.6875,5.7188,5.7188,5.7188,5.77,5.81,5.865,5.895,5.975,6.05,6.13,6.16,6.145
36033,5.6523,5.6562,5.6875,5.6875,5.6875,5.6875,5.615,5.68,5.735,5.79,5.91,6,6.13,6.18,6.2
36040,5.625,5.5938,5.5938,5.5625,5.5312,5.5,5.47,5.525,5.595,5.655,5.745,5.85,5.98,6.04,6.055
36047,5.625,5.5938,5.5859,5.5039,5.4375,5.4102,5.26,5.39,5.41,5.425,5.525,5.655,5.8,5.88,5.935
36054,5.5898,5.5312,5.5,5.4062,5.3125,5.2617,5.235,5.275,5.355,5.415,5.515,5.66,5.83,5.915,5.965
36061,5.5938,5.5312,5.5,5.4062,5.3125,5.2539,5.045,5.1,5.18,5.23,5.345,5.505,5.705,5.825,5.93
36068,5.375,5.3438,5.3125,5.2461,5.125,5.0625,4.785,4.815,4.94,5.02,5.105,5.215,5.495,5.63,5.745
36075,5.4375,5.375,5.3711,5.1875,5.0312,4.9688,4.765,4.835,4.935,5.035,5.155,5.29,5.525,5.645,5.71
36082,5.4081,5.3775,5.3491,5.1581,4.9797,4.9175,4.82,4.955,5.05,5.21,5.365,5.55,5.76,5.86,5.945
36089,5.2194,5.207,5.1881,4.9517,4.8233,4.7131,4.645,4.78,4.915,5.015,5.19,5.41,5.665,5.795,5.865
36096,5.2273,5.2209,5.2197,4.9709,4.8419,4.7512,4.595,4.715,4.86,4.97,5.15,5.38,5.665,5.8,5.895
36103,5.273,5.3974,5.335,5.1262,5,4.9391,4.96,5.095,5.17,5.22,5.455,5.625,5.875,5.985,6.01
36110,5.2764,5.4695,5.4003,5.1906,5.1269,5.0816,5.03,5.105,5.175,5.225,5.35,5.535,5.8,5.915,5.96
36117,5.0609,5.2997,5.25,5.0619,5.0316,5,5.04,5.13,5.215,5.27,5.43,5.59,5.795,5.885,5.895
36124,5.0342,5.3106,5.25,5.1294,5.1225,5.1225,5.205,5.265,5.305,5.35,5.48,5.595,5.77,5.85,5.83
36131,5.6238,5.3725,5.2753,5.1281,5.0914,5.0709,5,5.05,5.11,5.165,5.315,5.46,5.64,5.74,5.72
36138,5.5466,5.2967,5.2412,5.0923,5.0613,5.032,5.02,5.08,5.135,5.175,5.29,5.42,5.59,5.67,5.7
36145,5.5514,5.2905,5.2261,5.0637,5.0306,5,4.92,5,5.06,5.12,5.265,5.4,5.57,5.665,5.71
36152,5.6244,5.3402,5.25,5.1225,5.0675,5.0609,5.24,5.31,5.35,5.41,5.5,5.62,5.79,5.88,5.87
36159,5.0773,5.0736,5.0761,5.08,5.0892,5.1238,5.12,5.18,5.22,5.28,5.37,5.46,5.63,5.73,5.76
36166,5.035,5.055,5.0603,5.0603,5.0603,5.0922,5.1,5.16,5.21,5.26,5.35,5.47,5.65,5.8,5.79
36173,5,5.01,5.0302,5.0302,5.0328,5.0631,5.13,5.19,5.25,5.3,5.41,5.54,5.72,5.82,5.85
36180,4.9488,4.9659,4.9711,4.9962,5.03,5.0812,5.16,5.23,5.19,5.3,5.41,5.52,5.72,5.82,5.82
36187,4.9394,4.9434,4.9697,4.9723,4.9786,5.0428,5.09,5.195,5.25,5.29,5.38,5.48,5.64,5.76,5.79
36194,4.9366,4.9658,4.9734,5,5.0319,5.0977,5.22,5.27,5.33,5.38,5.47,5.59,5.77,5.87,5.87
36201,4.9356,4.9697,5,5.0303,5.0631,5.1553,5.25,5.38,5.37,5.425,5.509,5.69,5.87,5.98,5.98
36208,4.9378,4.9695,5,5.0606,5.1244,5.25,5.36,5.43,5.49,5.53,5.63,5.74,5.9,5.98,5.96
36215,4.9394,4.9737,5.0038,5.09,5.1762,5.31,5.55,5.61,5.665,5.72,5.8,5.91,6.08,6.16,6.14
36222,4.965,5,5.03,5.1256,5.2475,5.4,5.66,5.78,5.85,5.91,6.02,6.14,6.27,6.34,6.34
36229,4.94,4.9688,5.02,5.0625,5.1475,5.3063,5.54,5.66,5.713,5.79,5.86,5.999,6.15,6.23,6.23
36236,4.9359,4.9673,5,5.06,5.1344,5.2775,5.45,5.56,5.63,5.7,5.8,5.91,6.08,6.16,6.17
36243,4.9375,4.9688,5,5.0587,5.14,5.28,5.455,5.565,5.64,5.7,5.82,5.96,6.13,6.21,6.19
36250,4.9372,4.97,5,5.06,5.185,5.25,5.425,5.56,5.655,5.735,5.855,6.005,6.21,6.29,6.29
36257,4.93,4.9638,5,5.055,5.1625,5.2287,5.38,5.5,5.58,5.66,5.76,5.89,6.07,6.15,6.16
36264,4.9287,4.9612,5,5.0388,5.1475,5.2088,5.4,5.52,5.59,5.655,5.76,5.89,6.06,6.15,6.155
36271,4.9262,4.96,5,5.0537,5.1537,5.2412,5.44,5.56,5.635,5.7,5.8,5.93,6.11,6.195,6.18
36278,4.9025,4.9463,4.9962,5.06,5.1869,5.2706,5.47,5.61,5.685,5.755,5.86,5.98,6.15,6.23,6.23
36285,4.9025,4.9562,5,5.0738,5.225,5.3125,5.535,5.665,5.765,5.835,5.945,6.075,6.25,6.32,6.34
36292,4.9,4.9525,5,5.0806,5.25,5.3463,5.57,5.73,5.835,5.915,6.055,6.21,6.39,6.445,6.45
36299,4.9275,4.9975,5.05,5.18,5.3681,5.49,5.76,5.92,6.005,6.085,6.21,6.325,6.46,6.49,6.455
36306,4.9175,4.9938,5.0425,5.1794,5.3531,5.4638,5.8,5.945,6.05,6.135,6.235,6.345,6.475,6.515,6.485
36313,4.955,5.0362,5.0975,5.2888,5.5012,5.65,5.99,6.17,6.29,6.36,6.465,6.56,6.63,6.64,6.62
36320,4.955,5.0394,5.1,5.295,5.505,5.6575,6.06,6.25,6.345,6.445,6.56,6.665,6.735,6.755,6.7
36327,5.02,5.1175,5.1762,5.3775,5.5888,5.745,6.035,6.26,6.36,6.52,6.64,6.76,6.825,6.82,6.795
36334,5.0925,5.1562,5.2175,5.4,5.5975,5.7363,6.14,6.36,6.505,6.595,6.73,6.845,6.93,6.93,6.895
36341,5.2363,5.3,5.3675,5.65,5.715,5.84,5.99,6.175,6.27,6.365,6.49,6.62,6.72,6.73,6.76
36348,5.1875,5.2425,5.31,5.6013,5.6638,5.7812,6.075,6.25,6.34,6.45,6.59,6.74,6.82,6.84,6.845
36355,5.18,5.24,5.31,5.5987,5.6538,5.7538,6.045,6.2,6.28,6.37,6.5,6.62,6.74,6.77,6.765
36362,5.1675,5.22,5.2912,5.58,5.6075,5.6863,5.925,6.1,6.115,6.29,6.42,6.55,6.7,6.745,6.76
36369,5.18,5.2425,5.3125,5.6437,5.7025,5.8163,6.12,6.31,6.41,6.5,6.64,6.77,6.9,6.93,6.94
36376,5.21,5.31,5.3738,5.7725,5.8137,5.965,6.265,6.485,6.555,6.7,6.835,6.975,7.11,7.14,7.14
36383,5.2575,5.3738,5.44,5.8775,5.9238,6.0825,6.47,6.68,6.74,6.88,7.02,7.16,7.27,7.29,7.28
36390,5.2925,5.4037,5.48,5.8825,5.9112,6.0312,6.22,6.41,6.44,6.59,6.72,6.85,6.98,7.02,7.04
36397,5.3625,5.425,5.4956,5.8831,5.8956,5.9912,6.13,6.27,6.36,6.48,6.58,6.74,6.86,6.9,6.93
36404,5.375,5.44,5.5225,5.9375,5.9725,6.0825,6.36,6.55,6.68,6.775,6.91,7.015,7.18,7.21,7.22
36411,5.38,5.4437,5.5187,5.95,5.97,6.0675,6.295,6.47,6.575,6.68,6.84,6.97,7.12,7.16,7.18
36418,5.3812,5.445,5.52,5.9575,5.98,6.0675,6.125,6.265,6.45,6.52,6.645,6.81,6.99,7.05,7.08
36425,5.3825,5.4413,5.515,5.94,5.9625,6.04,6.2,6.37,6.48,6.57,6.71,6.85,6.99,7.04,7.06
36432,5.4,5.465,6.0788,5.9588,5.9813,6.03,6.215,6.375,6.455,6.655,6.78,6.93,7.06,7.11,7.1
36439,5.4188,5.5088,6.1638,6.0687,6.1013,6.185,6.43,6.53,6.65,6.725,6.84,6.945,7.07,7.1,7.11
36446,5.4062,5.5088,6.1775,6.0862,6.1262,6.2138,6.44,6.515,6.595,6.715,6.85,6.98,7.11,7.15,7.16
36453,5.41,5.5175,6.2225,6.13,6.1887,6.2862,6.455,6.585,6.77,6.735,6.905,7.06,7.19,7.23,7.23
36460,5.4088,5.51,6.2112,6.14,6.2062,6.305,6.545,6.685,6.77,6.84,6.95,7.08,7.2,7.24,7.23
36467,5.41,6.265,6.155,6.1087,6.1431,6.2175,6.34,6.44,6.54,6.54,6.705,6.86,6.99,7.03,7.04
36474,5.4,6.115,6.0637,6.0012,6.0488,6.09,6.33,6.46,6.52,6.61,6.71,6.815,6.95,6.98,6.97
36481,5.5962,6.1612,6.1013,6.0312,6.0975,6.16,6.38,6.47,6.57,6.62,6.71,6.81,6.95,6.98,6.98
36488,5.5938,6.16,6.1013,6.0362,6.12,6.2012,6.475,6.58,6.65,6.7,6.79,6.89,7.05,7.09,7.1
36495,6.4787,6.1662,6.1212,6.0713,6.18,6.2925,6.545,6.69,6.73,6.78,6.865,6.895,7.16,7.19,7.2
36502,6.4688,6.17,6.12,6.0888,6.18,6.3,6.53,6.63,6.68,6.715,6.74,6.935,7.07,7.1,7.11
36509,6.46,6.18,6.14,6.1113,6.2263,6.3625,6.64,6.75,6.82,6.87,6.96,7.07,7.19,7.22,7.22
36516,6.4713,6.2012,6.18,6.16,6.31,6.4737,6.78,6.9,6.95,7.03,7.11,7.19,7.31,7.33,7.32
36523,5.8275,5.9038,6.0038,6.13,6.31,6.5,6.76,6.88,6.95,7,7.08,7.18,7.3,7.31,7.29
36530,5.7925,5.9175,6.03,6.1937,6.3725,6.5713,6.91,7.03,7.07,7.16,7.25,7.37,7.47,7.48,7.46
36537,5.7812,5.9125,6.0394,6.2094,6.41,6.6238,6.985,7.13,7.19,7.27,7.36,7.46,7.57,7.58,7.57
36544,5.8087,5.92,6.0375,6.22,6.43,6.6513,6.98,7.11,7.21,7.27,7.36,7.49,7.59,7.6,7.57
36551,5.8213,5.92,6.04,6.22,6.4212,6.63,6.94,7.06,7.125,7.21,7.28,7.37,7.4,7.42,7.35
36558,5.9238,6.005,6.1,6.32,6.5512,6.79,7.16,7.3087,7.358,7.407,7.44,7.4615,7.5385,7.521,7.452
36565,5.89,6,6.1,6.3213,6.5713,6.8025,7.186,7.3413,7.38,7.44,7.48,7.51,7.4225,7.361,7.272
36572,5.88,5.99,6.09,6.32,6.565,6.7962,7.17,7.3207,7.3718,7.443,7.5,7.547,7.561,7.536,7.5025
36579,5.8788,6,6.11,6.35,6.5913,6.835,7.16,7.295,7.35,7.37,7.4,7.445,7.482,7.452,7.41
36586,5.9262,6.01,6.11,6.3312,6.5537,6.7637,7.0645,7.1793,7.2442,7.299,7.3522,7.402,7.51,7.496,7.4325
36593,5.97,6.0388,6.13,6.35,6.5613,6.7562,7.059,7.185,7.231,7.299,7.3548,7.402,7.445,7.419,7.307
36600,6.035,6.09,6.1725,6.38,6.5925,6.795,7.096,7.211,7.275,7.321,7.375,7.411,7.405,7.384,7.3465
36607,6.1238,6.1662,6.2462,6.4375,6.6363,6.845,7.077,7.1777,7.244,7.2535,7.286,7.309,7.3,7.286,7.248
36614,6.1325,6.1813,6.28,6.52,6.7488,6.96,7.225,7.315,7.369,7.348,7.347,7.4055,7.415,7.383,7.322
36621,6.1288,6.18,6.2713,6.4988,6.7212,6.86,6.9955,7.048,7.104,7.086,7.123,7.174,7.219,7.22,7.227
36628,6.13,6.1825,6.2838,6.5113,6.7363,6.8625,7.038,7.101,7.124,7.147,7.185,7.242,7.369,7.367,7.265
36635,6.145,6.21,6.31,6.52,6.7287,6.84,7.025,7.072,7.097,7.114,7.15,7.189,7.22,7.226,7.216
36642,6.1825,6.28,6.375,6.595,6.8125,6.95,7.14,7.192,7.222,7.246,7.284,7.326,7.352,7.342,7.3025
36649,6.375,6.495,6.6,6.8137,7.03,7.2,7.433,7.485,7.5188,7.5425,7.5865,7.651,7.661,7.651,7.608
36656,6.495,6.5938,6.72,6.93,7.1625,7.3438,7.5165,7.5723,7.5932,7.6095,7.6703,7.7625,7.7485,7.665,7.7455
36663,6.6075,6.7012,6.8087,7.0412,7.285,7.46,7.666,7.712,7.742,7.77,7.7928,7.822,7.832,7.8075,7.7595
36670,6.61,6.7038,6.82,7.0412,7.2637,7.4337,7.5975,7.6445,7.6792,7.7045,7.737,7.7635,7.7755,7.7345,7.729
36677,6.6538,6.755,6.8625,7.105,7.3325,7.5012,7.5375,7.576,7.601,7.575,7.633,7.631,7.655,7.648,7.5855
36684,6.63,6.7163,6.7975,6.98,7.14,7.2588,7.354,7.37,7.38,7.391,7.398,7.395,7.417,7.402,7.3515
36691,6.65,6.715,6.7925,6.96,7.12,7.23,7.182,7.2,7.223,7.2355,7.2561,7.283,7.308,7.302,7.283
36698,6.65,6.6925,6.765,6.92,7.075,7.185,7.289,7.298,7.307,7.324,7.339,7.352,7.374,7.365,7.35
36705,6.6844,6.7112,6.78,6.94,7.1025,7.225,7.231,7.257,7.2685,7.2795,7.298,7.326,7.365,7.3525,7.3285
36712,6.63,6.67,6.745,6.9538,7.03,7.1125,7.0915,7.1015,7.11,7.119,7.1375,7.149,7.183,7.1815,7.1655
36719,6.6288,6.6612,6.7313,6.91,6.99,7.07,7.125,7.139,7.149,7.17,7.2015,7.248,7.2675,7.2505,7.194
36726,6.63,6.6712,6.74,6.94,7.0488,7.1487,7.247,7.267,7.287,7.303,7.3365,7.3895,7.4205,7.3875,7.32
36733,6.62,6.6538,6.7125,6.8913,6.97,7.055,7.085,7.105,7.1192,7.135,7.1708,7.2145,7.234,7.1835,7.218
36740,6.62,6.6625,6.72,6.89,6.98,7.0713,7.058,7.061,7.084,7.098,7.141,7.19,7.225,7.204,7.164
36747,6.62,6.6413,6.6881,6.83,6.8863,6.9506,6.95,6.9805,6.982,6.996,7.028,7.061,7.094,7.079,7.046
36754,6.62,6.6413,6.69,6.8375,6.9013,6.9731,7.005,7.0135,7.027,7.043,7.063,7.088,7.118,7.098,7.055
36761,6.62,6.6413,6.69,6.8325,6.9019,6.9794,6.935,6.934,6.939,6.95,6.963,6.992,7.022,7.017,6.991
36768,6.6275,6.64,6.68,6.83,6.9013,6.98,6.976,6.988,7.002,7.018,7.041,7.069,7.101,7.091,7.062
36775,6.62,6.6306,6.6544,6.77,6.8094,6.8587,6.85,6.858,6.875,6.901,6.935,6.99,7.033,7.035,7.015
36782,6.6212,6.64,6.66,6.78,6.82,6.8738,6.7865,6.817,6.838,6.867,6.923,6.971,7.019,7.021,7.009
36789,6.6206,6.6387,6.66,6.7506,6.7725,6.8075,6.8,6.826,6.865,6.898,6.983,7.071,7.153,7.161,7.121
36796,6.6206,6.64,6.66,6.7569,6.78,6.81,6.748,6.757,6.784,6.813,6.883,6.961,7.048,7.058,7.033
36803,6.62,6.64,6.8025,6.7538,6.7606,6.79,6.729,6.752,6.791,6.839,6.906,6.993,7.083,7.085,7.044
36810,6.62,6.64,6.7988,6.76,6.76,6.79,6.7,6.72,6.767,6.812,6.8855,6.978,7.065,7.07,7.041
36817,6.62,6.63,6.76,6.7,6.6913,6.6913,6.616,6.623,6.655,6.691,6.763,6.881,6.979,6.996,6.937
36824,6.62,6.63,6.76,6.6925,6.6837,6.68,6.606,6.621,6.651,6.686,6.741,6.801,6.888,6.891,6.857
36831,6.62,6.7888,6.7588,6.7125,6.7112,6.71,6.602,6.626,6.673,6.717,6.777,6.85,6.928,6.93,6.901
36838,6.62,6.7812,6.7594,6.7406,6.74,6.7462,6.649,6.691,6.744,6.801,6.877,6.965,6.958,7.04,6.996
36845,6.6197,6.7793,6.7575,6.71,6.7,6.69,6.604,6.627,6.662,6.7,6.763,6.8385,6.9135,6.931,6.902
36852,6.6175,6.7725,6.7506,6.7,6.6775,6.6675,6.539,6.573,6.623,6.668,6.736,6.809,6.889,6.903,6.861
36859,6.8213,6.76,6.7363,6.68,6.6425,6.6188,6.401,6.431,6.483,6.535,6.607,6.686,6.774,6.799,6.774
36866,6.7475,6.665,6.6175,6.4988,6.4175,6.3719,6.155,6.162,6.202,6.234,6.305,6.392,6.4865,6.537,6.534
36873,6.71,6.6312,6.58,6.4644,6.39,6.3475,6.11,6.106,6.123,6.137,6.19,6.25,6.343,6.393,6.396
36880,6.6638,6.5788,6.5,6.3269,6.1963,6.115,5.88,5.883,5.909,5.934,5.985,6.04,6.14,6.223,6.216
36887,6.6375,6.5275,6.4381,6.2062,6.0475,5.9538,5.873,5.906,5.953,5.996,6.06,6.137,6.222,6.29,6.284
36894,6.5075,6.3937,6.2862,6.0537,5.8712,5.7888,5.648,5.737,5.834,5.913,6,6.102,6.199,6.267,6.281
36901,5.8863,5.7613,5.65,5.4688,5.3863,5.3575,5.455,5.544,5.629,5.701,5.828,5.973,6.118,6.191,6.19
36908,5.8987,5.81,5.7387,5.595,5.5137,5.5025,5.494,5.613,5.699,5.781,5.922,6.077,6.22,6.28,6.283
36915,5.7412,5.6775,5.61,5.4631,5.3756,5.36,5.501,5.657,5.786,5.882,6.034,6.213,6.378,6.448,6.477
36922,5.57,5.5038,5.4212,5.2625,5.175,5.1738,5.188,5.343,5.484,5.579,5.741,5.908,6.075,6.163,6.21
36929,5.57,5.5,5.41,5.27,5.1963,5.1937,5.357,5.512,5.639,5.74,5.893,6.039,6.201,6.276,6.295
36936,5.57,5.4938,5.4,5.2613,5.21,5.2175,5.471,5.642,5.736,5.823,5.982,6.125,6.278,6.348,6.358
36943,5.5613,5.47,5.37,5.225,5.1738,5.1937,5.302,5.479,5.626,5.75,5.915,6.076,6.243,6.331,6.341
36950,5.2075,5.1188,5.0525,4.9075,4.8613,4.8838,5.026,5.217,5.359,5.476,5.651,5.801,5.981,6.086,6.119
36957,5.2588,5.14,5.0738,4.9437,4.8856,4.9025,5.047,5.244,5.381,5.497,5.67,5.819,5.989,6.089,6.11
36964,5.15,5.08,5.02,4.8863,4.8338,4.8563,4.921,5.144,5.307,5.438,5.639,5.814,5.986,6.091,6.111
36971,5.0563,4.9588,4.87,4.675,4.595,4.6106,4.77,4.993,5.166,5.293,5.493,5.682,5.877,5.994,6.048
36978,5.0838,4.9887,4.9025,4.7488,4.6869,4.7175,4.9,5.161,5.351,5.496,5.722,5.917,6.117,6.234,6.311
36985,5.0525,4.9287,4.81,4.5975,4.545,4.5412,4.73,5.003,5.201,5.358,5.603,5.839,6.077,6.222,6.292
36992,5.0225,4.85,4.76,4.5894,4.565,4.57,4.87,5.163,5.363,5.522,5.767,6.016,6.239,6.366,6.418
36999,5.05,4.9,4.8275,4.74,4.7613,4.7975,4.816,5.12,5.313,5.487,5.729,5.987,6.227,6.357,6.409
37006,4.46,4.4,4.34,4.24,4.2613,4.31,4.798,5.137,5.365,5.545,5.837,6.107,6.354,6.482,6.524
37013,4.42,4.3662,4.3075,4.25,4.3087,4.3881,4.837,5.181,5.404,5.578,5.833,6.074,6.299,6.399,6.432
37020,4.1675,4.1162,4.085,4.04,4.1,4.1725,4.604,4.976,5.223,5.409,5.675,5.945,6.2,6.313,6.341
37027,4.0812,4.0537,4.03,4,4.09,4.2,4.761,5.1915,5.482,5.699,5.9815,6.2605,6.498,6.5815,6.5895
37034,4.0888,4.0775,4.07,4.0687,4.175,4.31,4.825,5.2415,5.502,5.6855,5.9435,6.19,6.416,6.515,6.5365
37041,4.06,4.03,4,3.99,4.11,4.26,4.846,5.283,5.584,5.7955,6.067,6.315,6.5275,6.6065,6.6075
37048,4.02,3.9588,3.9275,3.92,4.03,4.155,4.679,5.1305,5.426,5.6005,5.838,6.039,6.2715,6.369,6.3975
37055,3.98,3.92,3.89,3.88,3.98,4.1,4.622,5.0585,5.346,5.5515,5.824,6.057,6.284,6.381,6.398
37062,3.8338,3.7837,3.75,3.74,3.83,3.94,4.51,4.977,5.2915,5.52,5.8125,6.055,6.2935,6.404,6.425
37069,3.7512,3.73,3.71,3.71,3.8113,3.94,4.6365,5.0975,5.4055,5.6185,5.885,6.0965,6.316,6.402,6.3875
37076,3.85,3.83,3.82,3.88,3.9888,4.1463,4.8235,5.283,5.582,5.785,6.043,6.26,6.462,6.532,6.53
37083,3.83,3.79,3.76,3.7925,3.8712,4,4.682,5.148,5.461,5.674,5.9445,6.1825,6.393,6.4775,6.4915
37090,3.8287,3.79,3.76,3.8037,3.89,4.0275,4.457,4.9275,5.241,5.454,5.7115,5.923,6.1435,6.241,6.265
37097,3.79,3.74,3.7,3.7212,3.7837,3.8925,4.5075,4.988,5.3055,5.522,5.7795,5.993,6.2155,6.306,6.325
37104,3.74,3.6975,3.6562,3.6688,3.7088,3.7981,4.305,4.7555,5.0985,5.339,5.6265,5.868,6.0955,6.198,6.233
37111,3.7062,3.6688,3.6375,3.66,3.7113,3.82,4.288,4.766,5.085,5.328,5.61,5.837,6.067,6.175,6.215
37118,3.62,3.5838,3.56,3.5631,3.62,3.71,4.331,4.799,5.113,5.337,5.614,5.837,6.075,6.182,6.211
37125,3.5775,3.54,3.5125,3.5125,3.5562,3.6569,4.249,4.722,5.038,5.248,5.528,5.757,5.997,6.102,6.123
37132,3.58,3.54,3.5,3.495,3.5238,3.6162,4.122,4.582,4.87,5.073,5.338,5.561,5.813,5.936,6.028
37139,3.58,3.55,3.52,3.55,3.61,3.72,4.278,4.734,5.046,5.265,5.553,5.789,6.021,6.129,6.142
37146,3.5012,3.4263,3.36,3.3225,3.34,3.43,4.027,4.503,4.831,5.067,5.372,5.635,5.903,6.028,6.076
37153,2.785,2.7837,2.7831,2.7425,2.7525,2.8525,3.475,4.028,4.425,4.689,5.098,5.45,5.805,5.985,6.083
37160,2.6637,2.62,2.5913,2.5513,2.5637,2.6825,3.346,3.905,4.283,4.557,4.966,5.326,5.731,5.901,5.986
37167,2.5888,2.5263,2.5,2.415,2.4325,2.5325,3.256,3.815,4.197,4.471,4.833,5.145,5.518,5.7,5.785
37174,2.5312,2.46,2.43,2.3588,2.3887,2.4988,3.228,3.825,4.237,4.538,4.945,5.297,5.649,5.812,5.875
37181,2.5012,2.43,2.41,2.36,2.4137,2.535,3.248,3.838,4.237,4.522,4.921,5.245,5.597,5.767,5.839
37188,2.4075,2.3425,2.33,2.3013,2.37,2.5,3.158,3.775,4.206,4.511,4.927,5.268,5.62,5.784,5.853
37195,2.2875,2.25,2.2,2.1463,2.18,2.2719,2.822,3.42,3.861,4.172,4.571,4.899,5.264,5.419,5.513
37202,2.0906,2.0525,2,1.9463,1.97,2.06,2.703,3.316,3.75,4.054,4.448,4.771,5.148,5.322,5.405
37209,2.0812,2.06,2.0213,2.0013,2.08,2.2113,3.113,3.733,4.147,4.439,4.82,5.129,5.447,5.582,5.613
37216,2.1,2.12,2.13,2.1837,2.3312,2.5312,3.52,4.193,4.638,4.945,5.326,5.631,5.903,6.013,6.022
37223,2.08,2.0987,2.0962,2.1288,2.29,2.52,3.538,4.239,4.691,4.99,5.358,5.654,5.951,6.065,6.086
37230,2.0438,1.9975,1.9812,1.9988,2.1463,2.3575,3.55,4.23,4.66,4.94,5.3,5.6,5.92,6.04,6.041
37237,1.8975,1.88,1.8631,1.9087,2.07,2.3087,3.44,4.2,4.69,5.01,5.4105,5.74,6.04,6.164,6.17
37244,1.9312,1.92,1.9025,1.98,2.15,2.39,3.534,4.336,4.812,5.127,5.51,5.822,6.09,6.18,6.17
37251,1.9256,1.9156,1.9038,1.9825,2.1738,2.4244,3.638,4.53,5.01,5.33,5.7,6,6.26,6.33,6.29
37258,1.86,1.86,1.8638,1.9625,2.1362,2.4,3.652,4.445,4.921,5.231,5.611,5.929,6.201,6.286,6.28
37265,1.84,1.84,1.8438,1.9425,2.1225,2.3712,3.394,4.172,4.667,4.992,5.39,5.739,6.024,6.121,6.137
37272,1.7312,1.7237,1.7156,1.7906,1.9225,2.13,3.192,3.946,4.436,4.771,5.17,5.51,5.831,5.95,5.968
37279,1.76,1.78,1.8,1.9225,2.1025,2.3388,3.44,4.178,4.67,4.993,5.39,5.71,6.02,6.117,6.12
37286,1.83,1.8462,1.86,1.9888,2.18,2.42,3.47,4.178,4.67,5.008,5.408,5.736,6.026,6.115,6.133
37293,1.84,1.87,1.9,2.02,2.1888,2.4162,3.34,4.063,4.552,4.89,5.31,5.6505,5.952,6.055,6.09
37300,1.8475,1.8712,1.9,2.0275,2.2113,2.45,3.45,4.13,4.6,4.93,5.35,5.7,6.01,6.11,6.14
37307,1.85,1.88,1.9025,2.04,2.22,2.44,3.389,4.06,4.52,4.84,5.262,5.592,5.902,6.014,6.04
37314,1.87,1.8912,1.9112,2.06,2.25,2.49,3.35,4.017,4.45,4.757,5.17,5.51,5.828,5.95,5.99
37321,1.88,1.9,1.92,2.09,2.32,2.6,3.63,4.265,4.684,4.981,5.383,5.72,6.02,6.132,6.14
37328,1.9,1.94,2,2.2462,2.55,2.88,3.88,4.52,4.93,5.22,5.635,5.964,6.24,6.33,6.35
37335,1.9,1.94,1.9937,2.25,2.56,2.89,4.12,4.7435,5.1335,5.422,5.784,6.073,6.337,6.411,6.41
37342,1.8838,1.9475,2.0375,2.3413,2.69,3.02,4.07,4.69,5.078,5.35,5.712,6,6.261,6.333,6.33
37349,1.8725,1.9337,2.0263,2.34,2.68,3,3.95,4.54,4.94,5.23,5.6,5.9105,6.186,6.267,6.284
37356,1.86,1.9,1.98,2.2212,2.5112,2.81,3.881,4.485,4.888,5.17,5.551,5.868,6.142,6.233,6.266
37363,1.86,1.9,1.97,2.21,2.5,2.795,3.836,4.43,4.838,5.128,5.521,5.857,6.138,6.233,6.265
37370,1.85,1.88,1.94,2.16,2.4425,2.7363,3.682,4.29,4.685,4.967,5.359,5.693,5.983,6.085,6.107
37377,1.84,1.87,1.92,2.12,2.37,2.64,3.588,4.188,4.587,4.874,5.2675,5.599,5.902,6.01,6.066
37384,1.84,1.8675,1.8962,2.06,2.29,2.5525,3.725,4.365,4.775,5.065,5.461,5.775,6.078,6.1895,6.226
37391,1.84,1.8788,1.92,2.1338,2.43,2.7325,3.715,4.315,4.715,5.015,5.415,5.773,6.086,6.207,6.254
37398,1.84,1.87,1.8962,2.075,2.3275,2.6075,3.613,4.188,4.57,4.8425,5.257,5.62,5.966,6.091,6.137
37405,1.84,1.87,1.8988,2.0975,2.36,2.6562,3.558,4.137,4.517,4.8,5.2,5.55,5.904,6.046,6.105
37412,1.84,1.87,1.8912,2.08,2.32,2.5962,3.54,4.11,4.5,4.79,5.1915,5.551,5.924,6.084,6.147
37419,1.84,1.8687,1.8869,2.0288,2.24,2.51,3.467,4.045,4.43,4.716,5.13,5.5,5.844,5.993,6.047
37426,1.84,1.86,1.8744,1.9737,2.1237,2.34,3.221,3.7995,4.1805,4.47,4.88,5.25,5.65,5.782,5.937
37433,1.8388,1.8475,1.855,1.9137,2.025,2.1938,3.18,3.8,4.21,4.5,4.908,5.262,5.6405,5.815,5.902
37440,1.8388,1.85,1.86,1.9463,2.06,2.2425,3.135,3.755,4.165,4.475,4.905,5.285,5.69,5.86,5.95
37447,1.84,1.85,1.86,1.93,2.04,2.2012,2.94,3.565,3.975,4.285,4.727,5.13,5.53,5.717,5.8015
37454,1.84,1.85,1.86,1.9175,2.01,2.155,2.975,3.61,4.055,4.385,4.8345,5.225,5.6465,5.8295,5.92
37461,1.8175,1.82,1.82,1.8213,1.8425,1.9387,2.775,3.38,3.8165,4.135,4.6145,5.035,5.5035,5.724,5.81
37468,1.82,1.82,1.8237,1.87,1.9512,2.09,2.675,3.305,3.76,4.11,4.621,5.081,5.51,5.719,5.816
37475,1.78,1.77,1.76,1.7388,1.7563,1.8331,2.38,3.015,3.497,3.8675,4.4225,4.9055,5.377,5.597,5.693
37482,1.78,1.7512,1.7331,1.685,1.6819,1.7363,2.51,3.0645,3.4765,3.815,4.2735,4.655,5.11,5.3015,5.3705
37489,1.8062,1.79,1.77,1.76,1.7963,1.8962,2.503,3.046,3.4905,3.825,4.3055,4.74,5.188,5.374,5.4465
37496,1.82,1.82,1.82,1.8313,1.8938,1.99,2.53,3.045,3.46,3.815,4.3,4.736,5.194,5.38,5.45
37503,1.81,1.795,1.7825,1.7469,1.7488,1.8094,2.335,2.8255,3.21,3.545,4.047,4.503,4.96,5.15,5.2245
37510,1.82,1.82,1.8194,1.82,1.8725,1.975,2.52,3,3.37,3.69,4.195,4.61,5.08,5.26,5.32
37517,1.82,1.82,1.82,1.805,1.8256,1.9056,2.4,2.84,3.19,3.485,3.95,4.38,4.869,5.072,5.134
37524,1.81,1.8,1.7906,1.7506,1.7525,1.8163,2.3515,2.81,3.15,3.435,3.92,4.385,4.85,5.08,5.1555
37531,1.8,1.78,1.77,1.6887,1.68,1.72,2.13,2.61,2.98,3.305,3.8085,4.289,4.7965,5.041,5.143
37538,1.8,1.78,1.77,1.72,1.7188,1.7725,2.12,2.555,2.94,3.26,3.783,4.257,4.766,5.013,5.119
37545,1.8213,1.82,1.8225,1.8237,1.8675,1.9481,2.445,2.94,3.3325,3.67,4.1905,4.655,5.1385,5.35,5.4225
37552,1.83,1.83,1.8388,1.84,1.8825,1.9925,2.575,3.1075,3.515,3.851,4.362,4.8585,5.3195,5.535,5.6165
37559,1.74,1.7237,1.7069,1.6187,1.615,1.6669,2.145,2.6555,3.075,3.4145,3.965,4.525,5.07,5.3155,5.4335
37566,1.6262,1.62,1.61,1.5531,1.565,1.6325,2.1995,2.72,3.148,3.462,4.003,4.53,5.07,5.327,5.4315
37573,1.3813,1.4013,1.4,1.4006,1.4512,1.5506,2.0925,2.5945,2.98,3.305,3.825,4.334,4.86,5.103,5.21
37580,1.3813,1.42,1.42,1.44,1.5,1.6175,2.305,2.8405,3.23,3.575,4.0475,4.516,5.03,5.25,5.332
37587,1.38,1.42,1.42,1.4412,1.5238,1.6538,2.465,3.072,3.471,3.777,4.265,4.735,5.23,5.45,5.54
37594,1.44,1.42,1.42,1.4519,1.5425,1.6812,2.345,2.935,3.343,3.655,4.151,4.615,5.11,5.331,5.393
37601,1.42,1.41,1.41,1.43,1.4988,1.61,2.215,2.75,3.151,3.475,3.995,4.475,4.977,5.198,5.2615
37608,1.42,1.41,1.41,1.42,1.4619,1.5613,2.115,2.6745,3.092,3.435,3.967,4.485,5.0075,5.237,5.37
37615,1.42,1.41,1.4,1.4,1.4338,1.5175,2.045,2.595,3.015,3.365,3.875,4.395,4.92,5.15,5.24
37622,1.38,1.38,1.38,1.38,1.3912,1.4494,1.895,2.395,2.815,3.155,3.695,4.225,4.794,5.038,5.138
37629,1.3787,1.38,1.38,1.39,1.425,1.51,2.045,2.595,3.055,3.435,3.965,4.464,4.986,5.219,5.309
37636,1.3662,1.37,1.37,1.38,1.41,1.49,2.035,2.6155,3.085,3.455,3.987,4.492,5.015,5.238,5.322
37643,1.36,1.36,1.36,1.36,1.3713,1.4425,1.935,2.495,2.939,3.299,3.8445,4.3545,4.887,5.1195,5.2195
37650,1.34,1.34,1.34,1.34,1.3525,1.43,2.045,2.615,3.075,3.445,3.961,4.475,4.987,5.2095,5.29
37657,1.34,1.34,1.3487,1.3487,1.37,1.44,2.0025,2.595,3.055,3.435,3.955,4.439,4.939,5.1515,5.238
37664,1.34,1.34,1.34,1.34,1.35,1.4,1.865,2.451,2.918,3.295,3.8265,4.345,4.866,5.099,5.191
37671,1.34,1.34,1.34,1.34,1.355,1.4175,1.855,2.415,2.875,3.245,3.781,4.295,4.817,5.05,5.142
37678,1.3375,1.34,1.34,1.34,1.3462,1.3875,1.815,2.335,2.767,3.115,3.655,4.174,4.714,4.957,5.056
37685,1.3287,1.3225,1.3225,1.3213,1.3225,1.33,1.695,2.175,2.611,2.9625,3.505,4.047,4.597,4.857,4.969
37692,1.27,1.25,1.23,1.18,1.18,1.21,1.695,2.205,2.618,2.975,3.502,4.013,4.549,4.808,4.909
37699,1.3,1.295,1.2862,1.2675,1.3,1.39,2.025,2.595,3.054,3.435,3.945,4.4445,4.9395,5.166,5.234
37706,1.31,1.3,1.29,1.28,1.3094,1.3887,1.905,2.485,2.955,3.335,3.8645,4.3805,4.884,5.125,5.221
37713,1.3,1.29,1.28,1.24,1.2575,1.3125,1.855,2.415,2.895,3.285,3.845,4.375,4.891,5.12,5.21
37720,1.3081,1.2975,1.2862,1.2488,1.2662,1.32,1.8025,2.36,2.835,3.225,3.777,4.305,4.831,5.072,5.1785
37727,1.3294,1.3294,1.3294,1.3344,1.3762,1.45,1.9245,2.468,2.925,3.3,3.835,4.343,4.86,5.091,5.1865
37734,1.32,1.32,1.32,1.32,1.35,1.42,1.919,2.478,2.945,3.329,3.857,4.355,4.86,5.0715,5.152
37741,1.32,1.31,1.31,1.29,1.3,1.3575,1.695,2.255,2.735,3.115,3.67,4.185,4.699,4.925,5.018
37748,1.31,1.29,1.28,1.2363,1.2325,1.2375,1.59,2.055,2.505,2.898,3.466,4.014,4.556,4.809,4.929
37755,1.31,1.3,1.29,1.2519,1.2525,1.2812,1.575,2.005,2.417,2.775,3.317,3.833,4.3875,4.6375,4.75
37762,1.3162,1.2812,1.27,1.19,1.17,1.18,1.5405,1.955,2.345,2.681,3.215,3.726,4.2695,4.52,4.619
37769,1.32,1.29,1.28,1.2263,1.22,1.2375,1.505,1.9025,2.295,2.665,3.225,3.785,4.33,4.593,4.71
37776,1.31,1.2725,1.2575,1.18,1.16,1.16,1.404,1.773,2.165,2.515,3.084,3.645,4.227,4.508,4.6635
37783,1.22,1.1687,1.14,1.07,1.0513,1.0513,1.335,1.723,2.095,2.455,3.0035,3.544,4.119,4.3975,4.529
37790,1.1038,1.0775,1.065,1.0388,1.0337,1.0637,1.435,1.88,2.275,2.648,3.195,3.731,4.284,4.55,4.6755
37797,1.02,1.01,1,0.98,0.98,1.01,1.484,1.9,2.295,2.65,3.205,3.755,4.32,4.5975,4.73
37804,1.12,1.11,1.11,1.12,1.14,1.1894,1.503,1.948,2.375,2.745,3.325,3.895,4.45,4.7265,4.853
37811,1.11,1.11,1.11,1.12,1.14,1.18,1.556,2.049,2.503,2.895,3.485,4.045,4.6075,4.8695,5
37818,1.1013,1.1025,1.11,1.13,1.1575,1.215,1.679,2.231,2.718,3.136,3.739,4.304,4.838,5.085,5.205
37825,1.1,1.1,1.11,1.125,1.1538,1.2225,1.735,2.349,2.895,3.345,3.955,4.515,5.03,5.26,5.36
37832,1.1006,1.1087,1.1162,1.15,1.1987,1.2788,1.885,2.583,3.185,3.655,4.265,4.805,5.28,5.5,5.6045
37839,1.11,1.12,1.14,1.21,1.3025,1.4225,2.042,2.682,3.205,3.6355,4.24,4.775,5.259,5.488,5.577
37846,1.11,1.12,1.13,1.18,1.25,1.36,2.125,2.864,3.435,3.915,4.521,5.086,5.5885,5.807,5.8935
37853,1.11,1.12,1.13,1.18,1.26,1.3787,2.095,2.784,3.3335,3.7755,4.368,4.895,5.3725,5.582,5.65
37860,1.11,1.12,1.14,1.2,1.3,1.4537,2.315,3.025,3.565,3.995,4.565,5.045,5.4785,5.67,5.7265
37867,1.12,1.13,1.1456,1.21,1.3225,1.4912,2.325,3.05,3.625,4.065,4.627,5.105,5.531,5.72,5.771
37874,1.12,1.13,1.14,1.1787,1.23,1.33,1.935,2.605,3.155,3.575,4.175,4.715,5.195,5.41,5.489
37881,1.12,1.13,1.14,1.1781,1.2156,1.3,1.925,2.525,3.045,3.455,4.055,4.595,5.1,5.32,5.41
37888,1.12,1.13,1.14,1.18,1.2212,1.3225,1.912,2.516,3.025,3.435,4.008,4.539,5.02,5.25,5.34
37895,1.12,1.13,1.15,1.16,1.1812,1.24,1.755,2.3535,2.847,3.245,3.835,4.374,4.884,5.12,5.224
37902,1.12,1.13,1.15,1.18,1.235,1.34,1.9615,2.5845,3.1045,3.532,4.115,4.675,5.177,5.392,5.49
37909,1.12,1.13,1.1562,1.19,1.26,1.3781,2.1145,2.745,3.275,3.7035,4.285,4.825,5.3195,5.531,5.601
37916,1.12,1.13,1.17,1.25,1.3687,1.5231,2.1675,2.749,3.217,3.597,4.145,4.668,5.149,5.3665,5.439
37923,1.12,1.13,1.16,1.21,1.3013,1.4275,2.147,2.754,3.2265,3.625,4.1825,4.705,5.183,5.392,5.4605
37930,1.12,1.1663,1.17,1.24,1.34,1.4925,2.265,2.889,3.365,3.755,4.275,4.765,5.224,5.421,5.48
37937,1.12,1.17,1.18,1.27,1.405,1.58,2.3595,2.9715,3.445,3.823,4.345,4.825,5.26,5.452,5.5135
37944,1.12,1.17,1.17,1.22,1.3037,1.4287,2.195,2.802,3.253,3.6145,4.135,4.625,5.096,5.307,5.389
37951,1.1187,1.1675,1.17,1.23,1.3413,1.4894,2.265,2.87,3.316,3.665,4.165,4.635,5.1,5.3,5.38
37958,1.17,1.17,1.18,1.28,1.43,1.6125,2.4115,3.029,3.483,3.835,4.322,4.806,5.24,5.43,5.4915
37965,1.1687,1.17,1.17,1.2363,1.36,1.52,2.247,2.862,3.324,3.689,4.206,4.698,5.159,5.365,5.452
37972,1.15,1.16,1.17,1.2188,1.3,1.4287,2.135,2.739,3.191,3.545,4.065,4.5465,5.0325,5.245,5.329
37979,1.14,1.16,1.17,1.23,1.335,1.48,2.165,2.748,3.223,3.595,4.115,4.635,5.06,5.25,5.3
37986,1.12,1.1325,1.1519,1.22,1.32,1.4569,2.145,2.761,3.255,3.665,4.165,4.645,5.09,5.3,5.39
37993,1.11,1.12,1.14,1.2119,1.3231,1.47,2.155,2.745,3.225,3.605,4.135,4.6265,5.089,5.295,5.382
38000,1.1,1.11,1.12,1.165,1.2338,1.3375,1.954,2.511,2.957,3.315,3.855,4.365,4.864,5.09,5.19
38007,1.1,1.11,1.12,1.17,1.25,1.37,1.991,2.556,3.004,3.37,3.885,4.387,4.879,5.102,5.204
38014,1.1,1.11,1.12,1.17,1.25,1.37,2.1825,2.77,3.234,3.595,4.1065,4.5845,5.04,5.25,5.321
38021,1.0987,1.115,1.13,1.2,1.2988,1.43,2.097,2.682,3.142,3.515,4.0255,4.505,4.977,5.186,5.2705
38028,1.0987,1.1131,1.13,1.2094,1.3119,1.4525,2.025,2.612,3.059,3.415,3.935,4.425,4.9,5.123,5.2135
38035,1.0913,1.11,1.12,1.17,1.24,1.36,1.99,2.579,3.037,3.3845,3.9125,4.415,4.896,5.1085,5.221
38042,1.09,1.11,1.12,1.17,1.25,1.3625,1.972,2.551,3.003,3.368,3.897,4.406,4.89,5.109,5.213
38049,1.1,1.11,1.12,1.19,1.2875,1.42,2.055,2.625,3.075,3.445,3.965,4.455,4.93,5.1405,5.2325
38056,1.09,1.1,1.11,1.15,1.21,1.3,1.812,2.306,2.72,3.061,3.588,4.101,4.616,4.852,4.963
38063,1.09,1.1,1.11,1.15,1.2,1.2825,1.806,2.293,2.698,3.036,3.5665,4.072,4.5975,4.838,4.961
38070,1.09,1.1,1.11,1.15,1.2087,1.2919,1.775,2.271,2.693,3.038,3.563,4.085,4.601,4.84,4.95
38077,1.09,1.1,1.11,1.16,1.25,1.3513,1.876,2.39,2.8165,3.165,3.707,4.227,4.74,4.973,5.0875
38084,1.1,1.12,1.14,1.2225,1.35,1.4925,2.165,2.747,3.196,3.56,4.079,4.567,5.037,5.25,5.338
38091,1.1,1.12,1.1419,1.255,1.4,1.57,2.401,2.99,3.456,3.815,4.326,4.794,5.237,5.431,5.497
38098,1.1,1.13,1.1687,1.33,1.5175,1.7175,2.512,3.125,3.579,3.926,4.417,4.865,5.3,5.486,5.551
38105,1.1,1.13,1.17,1.34,1.5413,1.75,2.6515,3.2695,3.7115,4.0545,4.5175,4.949,5.3645,5.548,5.6025
38112,1.1,1.13,1.18,1.3781,1.59,1.8137,2.6955,3.3325,3.812,4.17,4.6535,5.096,5.491,5.6645,5.715
38119,1.1,1.16,1.24,1.52,1.78,2.04,2.964,3.6255,4.0895,4.4395,4.9085,5.328,5.6855,5.8435,5.893
38126,1.1,1.1725,1.27,1.55,1.82,2.07,2.982,3.606,4.055,4.391,4.859,5.27,5.634,5.792,5.846
38133,1.1,1.2,1.3,1.5881,1.8481,2.1025,2.884,3.503,3.949,4.282,4.743,5.151,5.523,5.683,5.751
38140,1.1313,1.2312,1.34,1.6275,1.8862,2.15,3.038,3.627,4.056,4.377,4.828,5.23,5.602,5.759,5.815
38147,1.19,1.3,1.4275,1.7381,2.01,2.28,3.16,3.738,4.135,4.443,4.888,5.29,5.653,5.809,5.866
38154,1.2637,1.3813,1.5337,1.845,2.1063,2.3725,3.215,3.735,4.109,4.397,4.817,5.206,5.568,5.729,5.7945
38161,1.3,1.41,1.57,1.87,2.1488,2.4075,3.187,3.707,4.082,4.374,4.795,5.192,5.556,5.721,5.782
38168,1.3687,1.47,1.61,1.94,2.2037,2.4625,3.088,3.594,3.97,4.259,4.673,5.0635,5.435,5.6055,5.666
38175,1.35,1.46,1.5813,1.8413,2.0488,2.26,2.949,3.44,3.815,4.1135,4.5445,4.951,5.3375,5.511,5.578
38182,1.39,1.49,1.61,1.87,2.0762,2.2837,3.018,3.499,3.863,4.15,4.569,4.968,5.3495,5.5215,5.58
38189,1.4331,1.54,1.65,1.92,2.15,2.37,3.101,3.5695,3.9135,4.184,4.5735,4.955,5.327,5.499,5.5605
38196,1.48,1.5775,1.68,1.98,2.2275,2.47,3.186,3.6655,4.017,4.295,4.6965,5.085,5.4465,5.6185,5.6885
38203,1.54,1.61,1.7,1.94,2.1412,2.35,3.035,3.495,3.852,4.124,4.5165,4.905,5.287,5.4605,5.529
38210,1.6,1.6425,1.71,1.92,2.0938,2.2775,2.865,3.32,3.6705,3.945,4.3555,4.755,5.153,5.3385,5.412
38217,1.6,1.67,1.73,1.9213,2.0706,2.23,2.819,3.2375,3.58,3.8555,4.2755,4.695,5.113,5.3085,5.3875
38224,1.63,1.7,1.77,1.98,2.14,2.3,2.865,3.2935,3.627,3.905,4.315,4.725,5.1315,5.3235,5.3995
38231,1.67,1.73,1.8,1.98,2.12,2.26,2.747,3.1475,3.477,3.745,4.163,4.569,4.9935,5.1955,5.2735
38238,1.74,1.7887,1.8625,2.085,2.2612,2.43,2.8545,3.244,3.558,3.813,4.218,4.616,5.028,5.225,5.3075
38245,1.7875,1.8275,1.8881,2.0562,2.1875,2.32,2.855,3.245,3.557,3.805,4.205,4.604,5.0175,5.221,5.3035
38252,1.84,1.8825,1.9413,2.11,2.24,2.36,2.814,3.155,3.43,3.6505,4.015,4.3935,4.806,5.007,5.0995
38259,1.84,1.9,2.0056,2.1688,2.31,2.4438,2.952,3.297,3.56,3.7865,4.145,4.518,4.9205,5.115,5.1945
38266,1.84,1.93,2.045,2.2163,2.37,2.51,3.04,3.407,3.697,3.935,4.316,4.6825,5.0775,5.2595,5.333
38273,1.87,1.96,2.07,2.21,2.3312,2.45,2.822,3.175,3.463,3.705,4.095,4.496,4.913,5.113,5.211
38280,1.91,1.99,2.09,2.22,2.33,2.44,2.835,3.1705,3.4385,3.657,4.0335,4.409,4.819,5.015,5.107
38287,1.96,2.04,2.13,2.255,2.36,2.4638,2.944,3.274,3.539,3.765,4.1355,4.514,4.9135,5.105,5.191
38294,2.05,2.15,2.2,2.3575,2.4925,2.61,2.9445,3.255,3.525,3.754,4.127,4.511,4.9075,5.0985,5.188
38301,2.09,2.22,2.2763,2.4725,2.635,2.7763,3.207,3.502,3.752,3.9655,4.308,4.672,5.057,5.2405,5.328
38308,2.13,2.265,2.33,2.54,2.72,2.88,3.195,3.449,3.676,3.875,4.199,4.5485,4.9215,5.1045,5.2005
38315,2.1806,2.31,2.3806,2.5969,2.78,2.9312,3.375,3.6065,3.8,3.995,4.275,4.575,4.92,5.09,5.18
38322,2.3062,2.3537,2.4188,2.6325,2.81,2.96,3.383,3.6575,3.898,4.105,4.433,4.765,5.124,5.2975,5.3875
38329,2.37,2.41,2.46,2.6525,2.8137,2.9487,3.249,3.4805,3.6885,3.8775,4.1665,4.5045,4.8705,5.0465,5.142
38336,2.41,2.44,2.5012,2.71,2.8675,2.9975,3.3155,3.5135,3.6885,3.845,4.1355,4.4665,4.8125,4.987,5.089
38343,2.4169,2.4625,2.53,2.76,2.94,3.09,3.415,3.621,3.801,3.9715,4.265,4.605,4.957,5.1275,5.23
38350,2.42,2.4737,2.56,2.775,2.9537,3.1,3.502,3.728,3.924,4.107,4.3995,4.738,5.0855,5.242,5.34
38357,2.4,2.5063,2.59,2.8275,3.015,3.1806,3.555,3.7755,3.9595,4.114,4.385,4.6935,5.0055,5.15,5.2305
38364,2.45,2.54,2.64,2.87,3.06,3.22,3.584,3.782,3.955,4.112,4.363,4.635,4.922,5.0655,5.1515
38371,2.5038,2.5731,2.68,2.91,3.09,3.25,3.592,3.79,3.94,4.081,4.3005,4.5535,4.821,4.953,5.029
38378,2.5587,2.6262,2.71,2.93,3.09,3.24,3.625,3.8115,3.9685,4.106,4.3265,4.576,4.845,4.9715,5.0415
38385,2.59,2.66,2.75,2.97,3.1387,3.28,3.6775,3.862,3.9975,4.116,4.3055,4.5335,4.778,4.8955,4.961
38392,2.59,2.6894,2.7744,3,3.18,3.33,3.581,3.741,3.8635,3.9635,4.137,4.352,4.582,4.6945,4.762
38399,2.59,2.7188,2.82,3.04,3.22,3.3712,3.766,3.938,4.0515,4.1675,4.3285,4.535,4.7575,4.874,4.927
38406,2.65,2.7612,2.8731,3.1125,3.3025,3.4663,3.834,4.0015,4.1365,4.246,4.43,4.649,4.893,5.012,5.085
38413,2.72,2.82,2.94,3.19,3.4,3.57,3.9365,4.138,4.2835,4.4025,4.591,4.7995,5.023,5.1305,5.1865
38420,2.7713,2.8619,2.98,3.22,3.43,3.6,4.0265,4.265,4.425,4.5605,4.742,4.9545,5.162,5.2575,5.308
38427,2.8338,2.94,3.04,3.3,3.52,3.71,4.121,4.3405,4.4845,4.598,4.763,4.948,5.147,5.2395,5.294
38434,2.85,2.9937,3.09,3.3675,3.6088,3.81,4.256,4.47,4.6165,4.7155,4.865,5.044,5.2215,5.307,5.3635
38441,2.86,3.01,3.1,3.39,3.64,3.84,4.25,4.461,4.596,4.6905,4.837,5.0025,5.1765,5.2635,5.308
38448,2.8912,3.04,3.1231,3.3894,3.6175,3.79,4.1025,4.291,4.438,4.545,4.711,4.898,5.0875,5.1925,5.254
38455,2.9537,3.07,3.1406,3.41,3.62,3.7825,4.076,4.261,4.382,4.481,4.644,4.822,5.0195,5.1235,5.175
38462,3.0006,3.08,3.15,3.3388,3.49,3.6125,3.88,4.0505,4.167,4.2675,4.434,4.621,4.84,4.9475,5.0105
38469,3.0644,3.12,3.19,3.4137,3.5913,3.73,4,4.157,4.272,4.3515,4.5,4.669,4.867,4.966,5.0275
38476,3.09,3.15,3.22,3.43,3.59,3.71,3.982,4.116,4.2195,4.3005,4.4415,4.62,4.8355,4.948,5.022
38483,3.09,3.175,3.26,3.475,3.6437,3.775,4.05,4.188,4.2845,4.362,4.492,4.658,4.8495,4.9485,5.007
38490,3.09,3.1975,3.28,3.49,3.63,3.74,3.966,4.0875,4.1705,4.2455,4.376,4.5445,4.7325,4.8295,4.887
38497,3.0906,3.2144,3.31,3.51,3.65,3.7519,3.9785,4.094,4.17,4.2405,4.36,4.508,4.705,4.8045,4.8695
38504,3.14,3.25,3.35,3.54,3.66,3.76,3.83,3.911,3.9685,4.03,4.14,4.2905,4.484,4.589,4.653
38511,3.19,3.2756,3.3794,3.54,3.65,3.73,3.932,4.017,4.0705,4.123,4.2105,4.3335,4.508,4.597,4.653
38518,3.24,3.3287,3.4206,3.6275,3.75,3.85,4.071,4.175,4.2395,4.303,4.3915,4.529,4.707,4.803,4.849
38525,3.3,3.3712,3.46,3.6531,3.7713,3.8581,3.946,4.0155,4.065,4.114,4.204,4.34,4.51,4.5995,4.654
38532,3.34,3.43,3.5044,3.69,3.79,3.8613,3.992,4.067,4.118,4.168,4.2635,4.397,4.5625,4.6485,4.695
38539,3.34,3.4756,3.56,3.7744,3.9,3.99,4.128,4.198,4.246,4.296,4.382,4.499,4.6575,4.739,4.784
38546,3.3881,3.5,3.5987,3.82,3.9569,4.05,4.185,4.2705,4.324,4.3795,4.465,4.5765,4.73,4.81,4.8575
38553,3.4381,3.5394,3.64,3.86,3.99,4.0812,4.2425,4.314,4.367,4.405,4.487,4.5885,4.742,4.8225,4.8715
38560,3.49,3.58,3.68,3.9,4.03,4.136,4.3515,4.43,4.484,4.528,4.598,4.696,4.8335,4.905,4.9435
38567,3.55,3.64,3.7331,3.9681,4.1125,4.2313,4.3875,4.4715,4.523,4.565,4.649,4.7395,4.8725,4.9395,4.971
38574,3.57,3.68,3.78,4.0125,4.17,4.29,4.4945,4.583,4.635,4.684,4.751,4.839,4.958,5.016,5.053
38581,3.59,3.7119,3.81,4.03,4.1612,4.2606,4.4295,4.493,4.5395,4.579,4.6395,4.7145,4.8365,4.8965,4.935
38588,3.6406,3.74,3.8406,4.05,4.17,4.2588,4.351,4.3995,4.434,4.465,4.528,4.6115,4.7345,4.802,4.8495
38595,3.7,3.77,3.87,4.055,4.16,4.24,4.182,4.219,4.2565,4.2815,4.349,4.448,4.584,4.6535,4.6975
38602,3.7044,3.7456,3.7981,3.9219,4.01,4.08,4.2395,4.2955,4.338,4.377,4.461,4.577,4.734,4.814,4.8685
38609,3.7719,3.82,3.8744,4.0069,4.0888,4.1513,4.252,4.306,4.3395,4.377,4.465,4.59,4.74,4.822,4.869
38616,3.83,3.89,3.96,4.11,4.2,4.27,4.3105,4.3585,4.3905,4.4225,4.499,4.6075,4.759,4.84,4.8965
38623,3.8406,3.9381,4.0204,4.2,4.3206,4.4006,4.4755,4.501,4.529,4.561,4.6205,4.709,4.846,4.917,4.959
38630,3.89,3.9937,4.1,4.29,4.4144,4.5106,4.589,4.6225,4.6565,4.677,4.7285,4.808,4.935,4.9895,5.031
38637,3.9456,4.0256,4.14,4.3288,4.4519,4.5456,4.659,4.714,4.741,4.7775,4.836,4.919,5.036,5.098,5.144
38644,4.0031,4.08,4.1806,4.35,4.465,4.5512,4.6645,4.7125,4.7495,4.7875,4.8555,4.9445,5.0705,5.1375,5.1805
38651,4.07,4.1444,4.23,4.4219,4.5637,4.6688,4.7975,4.861,4.8995,4.9405,5.0045,5.091,5.2075,5.2685,5.3075
38658,4.09,4.22,4.28,4.49,4.6494,4.7556,4.864,4.9215,4.964,5,5.058,5.133,5.2515,5.3075,5.3435
38665,4.1137,4.2675,4.33,4.54,4.685,4.7837,4.9305,4.9795,5.017,5.0535,5.1095,5.1865,5.2955,5.3515,5.3835
38672,4.14,4.2875,4.3681,4.58,4.73,4.8366,4.832,4.8565,4.8785,4.9,4.9425,5.0125,5.1145,5.1665,5.2005
38679,4.1913,4.3187,4.39,4.56,4.6644,4.7275,4.768,4.801,4.827,4.859,4.922,5.01,5.129,5.191,5.232
38686,4.2938,4.36,4.42,4.6006,4.72,4.79,4.843,4.865,4.8945,4.9255,4.973,5.0445,5.1475,5.2015,5.2365
38693,4.34,4.4031,4.46,4.6369,4.7544,4.83,4.8685,4.8985,4.9305,4.9595,5.009,5.0795,5.1815,5.235,5.2665
38700,4.37,4.44,4.4912,4.6625,4.77,4.83,4.819,4.838,4.8605,4.89,4.935,5.0025,5.1065,5.1605,5.1895
38707,4.37,4.4538,4.5038,4.6837,4.7879,4.85,4.903,4.9185,4.9375,4.9555,4.9865,5.0385,5.1335,5.1825,5.2065
38714,4.3887,4.47,4.5269,4.69,4.77,4.82,4.8065,4.805,4.8235,4.8455,4.8675,4.9175,4.9975,5.0395,5.0615
38721,4.4,4.48,4.5406,4.68,4.75,4.7962,4.757,4.755,4.772,4.7905,4.83,4.889,4.985,5.0345,5.0625
38728,4.4416,4.51,4.58,4.72,4.8,4.85,4.8495,4.8515,4.864,4.883,4.9135,4.963,5.0525,5.1005,5.1245
38735,4.49,4.54,4.601,4.72,4.77,4.8,4.7365,4.715,4.713,4.746,4.777,4.834,4.919,4.966,4.984
38742,4.54,4.58,4.6398,4.75,4.8131,4.8513,4.86,4.8515,4.8705,4.896,4.9355,4.9915,5.076,5.1205,5.1365
38749,4.5706,4.63,4.69,4.8225,4.9,4.9506,4.988,4.9855,4.9995,5.0175,5.045,5.0815,5.143,5.176,5.1845
38756,4.57,4.65,4.72,4.8887,4.9744,5.03,5.039,5.035,5.046,5.0595,5.0795,5.1005,5.1395,5.1635,5.1635
38763,4.57,4.68,4.75,4.93,5.03,5.095,5.0905,5.0855,5.0915,5.1005,5.117,5.131,5.1595,5.177,5.174
38770,4.5713,4.7,4.78,4.96,5.07,5.1306,5.08,5.064,5.061,5.0585,5.0575,5.0545,5.069,5.0775,5.0635
38777,4.64,4.7366,4.83,4.9763,5.0644,5.1188,5.1165,5.095,5.0955,5.1025,5.1115,5.1225,5.1455,5.1575,5.145
38784,4.6981,4.7788,4.88,5.03,5.13,5.19,5.1875,5.1865,5.2025,5.2205,5.2445,5.2725,5.3035,5.3175,5.3115
38791,4.7525,4.83,4.92,5.0412,5.1169,5.16,5.149,5.146,5.162,5.182,5.2185,5.2655,5.3175,5.3405,5.3415
38798,4.8094,4.8731,4.9503,5.0694,5.14,5.1813,5.1645,5.1495,5.159,5.178,5.2025,5.2365,5.2845,5.307,5.306
38805,4.8288,4.9162,4.9794,5.11,5.1975,5.25,5.2325,5.2335,5.2485,5.269,5.2965,5.3375,5.3965,5.4275,5.431
38812,4.84,4.945,5.0137,5.16,5.2344,5.2812,5.248,5.24,5.257,5.281,5.324,5.3835,5.4535,5.4845,5.493
38819,4.9013,4.9975,5.0682,5.2088,5.2888,5.33,5.35,5.351,5.377,5.4065,5.4565,5.5255,5.6065,5.6415,5.6515
38826,4.9294,5.01,5.0747,5.1856,5.25,5.28,5.2825,5.3,5.34,5.3865,5.4615,5.552,5.6495,5.695,5.7015
38833,5,5.0594,5.1256,5.2575,5.3369,5.3831,5.415,5.426,5.4555,5.4935,5.5525,5.625,5.708,5.7465,5.7535
38840,5.0587,5.0975,5.15,5.2519,5.33,5.38,5.401,5.419,5.459,5.5015,5.5805,5.6695,5.7545,5.7975,5.8085
38847,5.08,5.12,5.1644,5.27,5.35,5.4019,5.4325,5.443,5.47,5.4995,5.5595,5.6305,5.708,5.7425,5.7485
38854,5.08,5.1319,5.1738,5.27,5.3312,5.3762,5.41,5.4295,5.4635,5.5015,5.58,5.6715,5.768,5.812,5.826
38861,5.0812,5.1537,5.2144,5.31,5.3662,5.4,5.3805,5.384,5.4105,5.4425,5.508,5.588,5.675,5.709,5.715
38868,5.1106,5.1781,5.2381,5.33,5.3894,5.4262,5.4875,5.498,5.5205,5.5515,5.61,5.684,5.7695,5.8125,5.822
38875,5.15,5.22,5.2825,5.38,5.44,5.4719,5.4495,5.4455,5.457,5.4785,5.5225,5.5775,5.649,5.6785,5.6785
38882,5.2081,5.2781,5.3406,5.4356,5.4869,5.5163,5.546,5.5315,5.5425,5.5605,5.588,5.629,5.6835,5.7025,5.695
38889,5.3022,5.38,5.4488,5.5669,5.6312,5.68,5.656,5.646,5.6505,5.67,5.696,5.7335,5.7875,5.8105,5.805
38896,5.35,5.43,5.4988,5.6175,5.6887,5.7381,5.7405,5.7445,5.755,5.7725,5.798,5.8365,5.89,5.91,5.907
38903,5.3369,5.4269,5.4887,5.5919,5.6513,5.6931,5.72,5.71,5.727,5.7465,5.784,5.828,5.884,5.907,5.9005
38910,5.3587,5.44,5.5003,5.6081,5.6612,5.7012,5.6355,5.6005,5.6155,5.635,5.664,5.703,5.7515,5.7705,5.7615
38917,5.3891,5.46,5.52,5.6104,5.6656,5.7035,5.564,5.5445,5.5555,5.5745,5.607,5.6565,5.7125,5.735,5.7285
38924,5.4,5.45,5.5,5.5719,5.6137,5.6381,5.4965,5.474,5.4865,5.5065,5.5515,5.6085,5.6705,5.697,5.6935
38931,5.3956,5.4331,5.4719,5.5175,5.5294,5.53,5.4055,5.3725,5.384,5.41,5.4615,5.527,5.6005,5.6335,5.634
38938,5.33,5.37,5.4037,5.46,5.4806,5.4813,5.3605,5.326,5.3455,5.365,5.4135,5.477,5.5565,5.595,5.603
38945,5.33,5.37,5.41,5.4881,5.51,5.5169,5.318,5.2695,5.2745,5.299,5.343,5.4,5.481,5.5195,5.527
38952,5.3244,5.36,5.4,5.46,5.48,5.4725,5.299,5.245,5.2395,5.2615,5.303,5.359,5.433,5.4665,5.471
38959,5.33,5.36,5.4,5.4494,5.4581,5.45,5.237,5.1835,5.189,5.2115,5.256,5.3135,5.3875,5.423,5.4325
38966,5.33,5.36,5.39,5.42,5.4188,5.4,5.227,5.182,5.19,5.2135,5.2625,5.3275,5.4065,5.4435,5.4515
38973,5.33,5.36,5.39,5.425,5.4244,5.4094,5.2195,5.167,5.165,5.1905,5.235,5.2915,5.3665,5.3995,5.4035
38980,5.33,5.3575,5.3869,5.4184,5.4191,5.4013,5.23,5.17,5.168,5.186,5.2235,5.277,5.3435,5.373,5.3765
38987,5.3244,5.35,5.3669,5.3719,5.3456,5.3087,5.083,5.0185,5.0165,5.0315,5.0705,5.126,5.206,5.243,5.2525
38994,5.32,5.35,5.37,5.37,5.3369,5.2888,4.9995,4.9435,4.9505,4.9775,5.0275,5.095,5.187,5.2315,5.2465
39001,5.32,5.35,5.3734,5.39,5.3794,5.3563,5.2615,5.226,5.23,5.247,5.285,5.333,5.4155,5.4545,5.4675
39008,5.32,5.35,5.3738,5.4069,5.4062,5.39,5.2365,5.191,5.1901,5.204,5.2413,5.2948,5.3755,5.4155,5.4308
39015,5.32,5.35,5.38,5.43,5.4419,5.4394,5.253,5.207,5.2024,5.2125,5.2482,5.2967,5.377,5.415,5.4271
39022,5.32,5.36,5.37,5.3706,5.3412,5.3,5.0265,4.9735,4.972,4.988,5.0305,5.0915,5.1715,5.2115,5.2215
39029,5.32,5.36,5.3744,5.3806,5.3594,5.3181,5.124,5.0605,5.0565,5.068,5.107,5.1615,5.2367,5.2745,5.2805
39036,5.32,5.36,5.3731,5.3781,5.3487,5.3025,5.143,5.0752,5.06,5.0658,5.093,5.136,5.2085,5.2452,5.2475
39043,5.32,5.36,5.37,5.37,5.34,5.3,5.065,4.991,4.9735,4.975,5.006,5.05,5.132,5.171,5.178
39050,5.3494,5.36,5.3694,5.3481,5.2981,5.24,5.0189,4.9396,4.9175,4.9205,4.9485,4.9995,5.08,5.1215,5.132
39057,5.35,5.35,5.35,5.3,5.2081,5.1238,4.9205,4.8455,4.834,4.852,4.889,4.948,5.0345,5.0775,5.0925
39064,5.35,5.35,5.36,5.3544,5.2875,5.2125,5.049,4.9688,4.951,4.9576,4.993,5.0485,5.1433,5.1835,5.1995
39071,5.35,5.35,5.365,5.3706,5.34,5.29,5.0755,5.0085,4.983,4.993,5.027,5.087,5.1825,5.2263,5.2393
39078,5.35,5.35,5.3637,5.3606,5.3325,5.2894,5.125,5.0565,5.0395,5.048,5.0775,5.1339,5.2211,5.2625,5.2749
39085,5.32,5.345,5.36,5.3669,5.3444,5.3131,5.108,5.0435,5.0335,5.044,5.072,5.1276,5.2108,5.2495,5.2596
39092,5.32,5.345,5.36,5.3719,5.3537,5.3238,5.1655,5.093,5.0773,5.085,5.115,5.1691,5.2505,5.2855,5.2965
39099,5.32,5.3444,5.36,5.3869,5.3881,5.3706,5.2715,5.2055,5.192,5.1975,5.2265,5.2796,5.3616,5.4,5.4082
39106,5.32,5.345,5.36,5.3987,5.4194,5.42,5.278,5.2193,5.203,5.209,5.243,5.298,5.379,5.4162,5.426
39113,5.32,5.345,5.36,5.4,5.42,5.43,5.2935,5.238,5.2299,5.2405,5.274,5.3313,5.4098,5.4458,5.4548
39120,5.32,5.345,5.36,5.4,5.41,5.4019,5.2255,5.1565,5.137,5.1455,5.179,5.237,5.3175,5.358,5.369
39127,5.32,5.345,5.36,5.4,5.42,5.4244,5.2245,5.1515,5.1338,5.1428,5.1778,5.2384,5.327,5.367,5.386
39134,5.32,5.345,5.36,5.38,5.3794,5.3544,5.193,5.121,5.099,5.107,5.141,5.201,5.2875,5.327,5.337
39141,5.32,5.3381,5.3481,5.33,5.2881,5.2381,5.042,4.9775,4.972,4.992,5.0375,5.1115,5.201,5.2415,5.248
39148,5.32,5.33,5.34,5.29,5.2206,5.1662,4.933,4.877,4.876,4.898,4.9485,5.027,5.1265,5.172,5.184
39155,5.32,5.3388,5.35,5.2962,5.2147,5.1419,4.972,4.9075,4.905,4.9255,4.986,5.076,5.1895,5.2395,5.251
39162,5.32,5.34,5.35,5.34,5.2919,5.235,4.924,4.8495,4.862,4.886,4.954,5.056,5.174,5.2325,5.2515
39169,5.32,5.34,5.35,5.3238,5.2681,5.2056,4.9605,4.91,4.9225,4.9575,5.0395,5.1555,5.295,5.359,5.382
39176,5.32,5.34,5.35,5.3356,5.2916,5.2366,5.0145,4.9645,4.9755,5.0095,5.082,5.1885,5.3195,5.3775,5.3955
39183,5.32,5.34,5.355,5.3625,5.3459,5.3063,5.1295,5.0785,5.084,5.112,5.175,5.2695,5.3945,5.4505,5.469
39190,5.32,5.34,5.3581,5.3606,5.3381,5.2888,5.0295,4.9725,4.98,5.011,5.077,5.1715,5.294,5.347,5.3635
39197,5.32,5.34,5.355,5.3469,5.3069,5.2419,5.0275,4.967,4.9765,5.009,5.0795,5.183,5.314,5.3725,5.394
39204,5.32,5.34,5.355,5.36,5.3388,5.2944,5.0655,4.999,5.0015,5.024,5.0885,5.185,5.3125,5.3715,5.3895
39211,5.32,5.34,5.3581,5.36,5.34,5.3,5.132,5.0595,5.049,5.0655,5.1185,5.2085,5.3315,5.389,5.408
39218,5.32,5.34,5.36,5.36,5.34,5.31,5.15,5.0885,5.0865,5.1095,5.165,5.254,5.3755,5.432,5.448
39225,5.32,5.34,5.36,5.38,5.3863,5.3788,5.2495,5.2185,5.229,5.26,5.322,5.407,5.518,5.5705,5.5895
39232,5.32,5.34,5.36,5.3848,5.39,5.39,5.2995,5.276,5.286,5.312,5.359,5.4305,5.5305,5.5795,5.5935
39239,5.32,5.34,5.36,5.3959,5.43,5.4562,5.3845,5.38,5.4015,5.43,5.4785,5.5445,5.639,5.6875,5.7075
39246,5.32,5.34,5.36,5.4091,5.4609,5.5059,5.5235,5.5665,5.6165,5.6615,5.733,5.811,5.898,5.9325,5.9595
39253,5.32,5.34,5.36,5.3931,5.4194,5.4387,5.446,5.4835,5.5265,5.573,5.651,5.741,5.837,5.8835,5.9025
39260,5.32,5.34,5.36,5.375,5.38,5.38,5.3755,5.4175,5.4655,5.515,5.601,5.7015,5.803,5.8485,5.866
39267,5.32,5.34,5.36,5.38,5.3894,5.3925,5.362,5.39,5.432,5.484,5.567,5.66,5.756,5.805,5.819
39274,5.32,5.34,5.36,5.38,5.39,5.3956,5.3975,5.442,5.498,5.554,5.647,5.7515,5.8545,5.9025,5.919
39281,5.32,5.34,5.36,5.3825,5.3997,5.4112,5.3615,5.4035,5.458,5.516,5.597,5.703,5.8,5.8455,5.8575
39288,5.32,5.34,5.36,5.3703,5.3697,5.36,5.2625,5.2925,5.3475,5.4045,5.4975,5.6085,5.714,5.764,5.778
39295,5.3275,5.3444,5.3595,5.3006,5.2325,5.1869,5.137,5.1765,5.242,5.301,5.404,5.521,5.6355,5.6835,5.6925
39302,5.35,5.3637,5.38,5.3388,5.2787,5.2375,5.1675,5.1985,5.259,5.3155,5.4245,5.544,5.666,5.721,5.733
39309,5.5694,5.54,5.52,5.3913,5.2787,5.2088,4.9545,5.0025,5.0915,5.1725,5.3155,5.4735,5.6285,5.7015,5.7285
39316,5.5,5.5,5.4988,5.3731,5.1963,5.1037,4.9335,4.964,5.0285,5.0875,5.2095,5.351,5.5045,5.5795,5.5975
39323,5.565,5.55,5.5412,5.4275,5.2575,5.18,4.9035,4.9145,4.9575,5.0185,5.129,5.2715,5.416,5.4845,5.5135
39330,5.8187,5.75,5.72,5.595,5.3925,5.2825,4.8015,4.784,4.8245,4.8805,5.0065,5.1605,5.3135,5.3815,5.4115
39337,5.8,5.7325,5.7031,5.5187,5.265,5.1238,4.724,4.6985,4.734,4.791,4.914,5.065,5.2085,5.277,5.2965
39344,5.1487,5.1937,5.2375,5.11,4.9663,4.8775,4.605,4.6505,4.7315,4.82,4.967,5.1495,5.318,5.3925,5.4225
39351,5.1288,5.1681,5.1981,5.1425,5.0025,4.93,4.656,4.7275,4.8205,4.9175,5.086,5.2685,5.4305,5.4995,5.5225
39358,5.125,5.1688,5.2438,5.1662,5.04,4.9544,4.7295,4.7595,4.8275,4.9025,5.0335,5.1815,5.325,5.3875,5.4085
39365,5.11,5.1612,5.2475,5.2213,5.1513,5.0888,4.8295,4.8645,4.9355,5.0115,5.1345,5.2655,5.3995,5.4575,5.4785
39372,5.0213,5.0975,5.1988,5.1063,5.0275,4.9638,4.6645,4.712,4.7945,4.8765,5.027,5.1905,5.3405,5.409,5.4385
39379,4.8563,4.9475,5.065,4.9,4.7675,4.6863,4.394,4.4415,4.5335,4.6325,4.7905,4.9585,5.12,5.194,5.2235
39386,4.7062,4.8963,4.8937,4.8063,4.7081,4.6375,4.5805,4.6415,4.732,4.822,4.9615,5.1085,5.255,5.322,5.348
39393,4.665,4.8994,4.8963,4.8388,4.7088,4.635,4.3695,4.4445,4.561,4.679,4.8625,5.057,5.2325,5.315,5.3535
39400,4.6581,4.88,4.8775,4.775,4.6294,4.53,4.2845,4.3645,4.4795,4.591,4.7805,4.9715,5.141,5.2255,5.2535
39407,4.7831,5.0175,5.015,4.8525,4.6262,4.4725,4.024,4.107,4.237,4.36,4.58,4.818,5.038,5.1305,5.166
39414,4.8219,5.0856,5.0812,4.9062,4.665,4.4881,4.0365,4.0775,4.1905,4.2995,4.4995,4.7,4.8965,4.9765,4.997
39421,5.25,5.1725,5.1506,4.9038,4.6325,4.4325,3.9095,3.9405,4.0475,4.1715,4.396,4.636,4.8615,4.956,4.9975
39428,5.1025,5.085,5.0575,4.9287,4.685,4.5019,4.047,4.101,4.202,4.3335,4.5575,4.7875,5.001,5.0945,5.1295
39435,4.9319,4.9231,4.91,4.7775,4.57,4.4175,3.929,3.9875,4.0995,4.2155,4.436,4.6675,4.878,4.963,5.0035
39442,4.855,4.8487,4.8425,4.7175,4.4938,4.3438,4.075,4.187,4.3335,4.479,4.704,4.929,5.1375,5.226,5.2675
