34703,0.056437,0.079716,0.077886,5.9252,6.1728,6.3917,6.9181,7.3092,7.6156,7.9379,8.146,8.263,8.3352,8.409,8.4335,8.3891,8.3179,8.1902
34710,0.056175,0.079276,0.076204,5.8968,6.1421,6.3588,6.8785,7.2629,7.5627,7.8693,8.0646,8.1723,8.2379,8.3039,8.3241,8.2799,8.2112,8.0881
34717,0.056274,0.077293,0.076001,5.8843,6.1105,6.311,6.7948,7.1566,7.4418,7.7435,7.946,8.0632,8.1377,8.2176,8.2513,8.2191,8.1565,8.0392
34724,0.057742,0.076568,0.077247,6.0081,6.215,6.3992,6.8479,7.1887,7.4618,7.7533,7.9632,8.0895,8.172,8.2634,8.3061,8.2789,8.217,8.0984
34731,0.058258,0.073412,0.076801,6.0202,6.1935,6.3491,6.7342,7.0345,7.2814,7.5572,7.7754,7.915,8.0102,8.1223,8.1855,8.1768,8.1244,8.0151
34738,0.058789,0.070736,0.075447,6.0387,6.1824,6.3124,6.6399,6.9019,7.1225,7.3719,7.5869,7.7302,7.8308,7.9535,8.0295,8.0349,7.9914,7.892
34745,0.059176,0.070052,0.074084,6.0659,6.1994,6.3205,6.6265,6.8727,7.0812,7.3075,7.5103,7.6461,7.742,7.8599,7.934,7.9414,7.9008,7.8061
34752,0.05992,0.066821,0.073037,6.0975,6.1945,6.2843,6.5202,6.7209,6.8991,7.0985,7.3027,7.4472,7.5526,7.6874,7.7797,7.8051,7.775,7.6912
34759,0.060515,0.063952,0.072909,6.1199,6.1853,6.2482,6.4249,6.5884,6.743,6.929,7.1428,7.3012,7.4197,7.5751,7.6874,7.7302,7.7088,7.6329
34766,0.060852,0.065988,0.074062,6.1722,6.2536,6.3302,6.538,6.7222,6.8911,7.0865,7.2996,7.4538,7.5676,7.7142,7.8161,7.8472,7.8183,7.734
34773,0.060927,0.063101,0.071543,6.1475,6.201,6.2534,6.4054,6.5512,6.6925,6.8547,7.0569,7.2087,7.3234,7.4753,7.5871,7.6331,7.6153,7.5448
34780,0.060908,0.063131,0.073268,6.1463,6.2008,6.2545,6.4112,6.5627,6.7101,6.8932,7.1124,7.277,7.4011,7.5648,7.6843,7.7324,7.7129,7.6383
34787,0.061282,0.062809,0.072355,6.1762,6.2242,6.272,6.4146,6.5557,6.695,6.8607,7.0703,7.2289,7.3489,7.5081,7.6253,7.6738,7.656,7.5842
34794,0.061117,0.062718,0.071855,6.1604,6.2088,6.257,6.3999,6.5404,6.6788,6.8412,7.0473,7.2032,7.3212,7.478,7.5938,7.6424,7.6254,7.5552
34801,0.061319,0.061999,0.071103,6.1706,6.2104,6.2511,6.3766,6.5051,6.6347,6.7843,6.9854,7.1392,7.2564,7.4133,7.5308,7.5827,7.5686,7.502
34808,0.061728,0.060031,0.071676,6.1861,6.2045,6.227,6.3134,6.4184,6.5343,6.6823,6.8966,7.0649,7.1948,7.3706,7.5049,7.5696,7.5608,7.4981
34815,0.061117,0.059661,0.071461,6.1274,6.1477,6.172,6.2624,6.3701,6.4878,6.6431,6.8607,7.0313,7.163,7.3415,7.4785,7.546,7.5389,7.478
34822,0.061195,0.059541,0.069939,6.1329,6.1509,6.1729,6.2565,6.3575,6.4687,6.6045,6.8072,6.9669,7.0906,7.2593,7.3902,7.4565,7.4512,7.3945
34829,0.061408,0.054637,0.066935,6.0987,6.0691,6.05,6.0404,6.0794,6.148,6.2402,6.4366,6.6017,6.734,6.9208,7.0749,7.1689,7.182,7.1469
34836,0.061849,0.054828,0.065239,6.1401,6.1077,6.0858,6.0678,6.0987,6.1591,6.2239,6.3999,6.5499,6.671,6.8436,6.988,7.0783,7.0925,7.0613
34843,0.062263,0.053697,0.06341,6.1647,6.1177,6.083,6.0346,6.0435,6.0874,6.1225,6.2835,6.4251,6.5413,6.7095,6.8535,6.9487,6.9685,6.9456
34850,0.062038,0.052187,0.062585,6.1282,6.0692,6.0241,5.9524,5.946,5.9796,6.0071,6.1689,6.3138,6.4337,6.6088,6.761,6.8653,6.8911,6.8751
34857,0.061414,0.049586,0.062548,6.0442,5.967,5.9066,5.8021,5.7764,5.7989,5.8335,6.0119,6.1736,6.3081,6.5052,6.6781,6.8001,6.8345,6.8264
34864,0.062399,0.0489,0.062303,6.125,6.0327,5.9592,5.8253,5.7802,5.7897,5.8044,5.978,6.139,6.274,6.4731,6.6487,6.7738,6.8103,6.8044
34871,0.062537,0.048612,0.062203,6.1342,6.0379,5.9611,5.8197,5.7698,5.7761,5.787,5.9603,6.1218,6.2575,6.458,6.6352,6.7619,6.7993,6.7946
34878,0.06286,0.048499,0.061645,6.1619,6.0615,5.9811,5.8308,5.7742,5.7754,5.7741,5.9406,6.0976,6.2302,6.4271,6.6022,6.7287,6.7671,6.7642
34885,0.062263,0.049814,0.062296,6.1227,6.0399,5.9745,5.8583,5.8242,5.8404,5.8582,6.0279,6.1838,6.3142,6.5061,6.6749,6.7942,6.8278,6.8194
34892,0.060784,0.048463,0.061294,5.9755,5.8932,5.8284,5.7134,5.6799,5.6965,5.7253,5.9006,6.0613,6.1958,6.3946,6.5714,6.7002,6.7402,6.7394
34899,0.060052,0.051296,0.065959,5.9411,5.8928,5.8578,5.8137,5.8316,5.8871,5.9867,6.1983,6.3796,6.5265,6.7362,6.9133,7.0292,7.0547,7.0323
34906,0.05982,0.05216,0.066842,5.9297,5.8916,5.8656,5.8421,5.8742,5.9399,6.0548,6.2721,6.4557,6.6033,6.8126,6.9874,7.0989,7.1208,7.0936
34913,0.060002,0.051199,0.066075,5.9356,5.8869,5.8516,5.807,5.8249,5.8806,5.9823,6.1959,6.3788,6.5268,6.7382,6.9166,7.0334,7.059,7.0367
34920,0.059878,0.051538,0.067121,5.9282,5.8841,5.8529,5.8186,5.8444,5.9068,6.0234,6.2463,6.4355,6.5877,6.8039,6.9846,7.1004,7.1238,7.0976
34927,0.060183,0.053796,0.067259,5.9799,5.9537,5.9377,5.9363,5.9821,6.0564,6.1719,6.3829,6.559,6.6997,6.898,7.0617,7.1627,7.1788,7.1457
34934,0.059995,0.054108,0.067588,5.9664,5.9449,5.9329,5.9407,5.9929,6.0719,6.1946,6.4085,6.5858,6.727,6.9254,7.0885,7.1881,7.2029,7.1682
34941,0.059799,0.052208,0.064235,5.928,5.8898,5.863,5.8348,5.8598,5.9173,6.0014,6.1927,6.3565,6.4894,6.6803,6.8431,6.9515,6.9763,6.9564
34948,0.060012,0.051332,0.061514,5.9373,5.8883,5.8517,5.7989,5.8045,5.8456,5.8929,6.0603,6.2081,6.3301,6.5086,6.6655,6.7765,6.8074,6.7981
34955,0.059862,0.051853,0.061435,5.9295,5.8865,5.8551,5.8135,5.8259,5.8712,5.9206,6.0854,6.23,6.3491,6.5232,6.676,6.7836,6.813,6.8025
34962,0.059312,0.051122,0.060339,5.8722,5.8272,5.7938,5.7472,5.7553,5.7969,5.8415,6.0024,6.1446,6.2624,6.4358,6.5901,6.702,6.7355,6.7307
34969,0.059576,0.053136,0.061884,5.9178,5.8892,5.8702,5.8562,5.8864,5.9435,6.0042,6.1687,6.31,6.4254,6.5927,6.7381,6.8382,6.863,6.8476
34976,0.06006,0.05239,0.0595,5.9528,5.9123,5.8826,5.8422,5.8519,5.8925,5.916,6.0577,6.184,6.2891,6.4448,6.5844,6.6862,6.7164,6.7101
34983,0.060049,0.052113,0.059471,5.9488,5.9059,5.8741,5.8292,5.8362,5.875,5.8981,6.0409,6.1686,6.2751,6.4328,6.5744,6.6781,6.7091,6.7038
34990,0.060141,0.051667,0.057637,5.952,5.9036,5.8667,5.8086,5.8045,5.8337,5.8329,5.9592,6.0754,6.1738,6.322,6.4586,6.5631,6.5981,6.5999
34997,0.060215,0.051551,0.05737,5.9574,5.9072,5.8687,5.8067,5.7997,5.8267,5.8214,5.9451,6.0598,6.1572,6.3044,6.4405,6.5454,6.5811,6.5841
35004,0.060498,0.050527,0.057034,5.9717,5.9094,5.8607,5.7757,5.754,5.7713,5.7562,5.8801,5.9974,6.0978,6.2504,6.3925,6.5036,6.5429,6.5499
35011,0.060319,0.049057,0.057134,5.9397,5.8657,5.8071,5.7008,5.6665,5.6766,5.664,5.7975,5.9247,6.0337,6.1994,6.3536,6.4748,6.5188,6.5299
35018,0.060355,0.04897,0.057873,5.9422,5.8673,5.808,5.7013,5.668,5.6796,5.6752,5.8163,5.9495,6.063,6.2345,6.3927,6.5151,6.5584,6.5673
35025,0.060253,0.048377,0.057878,5.9266,5.8472,5.7842,5.6694,5.6311,5.6401,5.6367,5.7815,5.9185,6.0354,6.212,6.3749,6.5014,6.5466,6.5573
35032,0.061209,0.047291,0.056813,6.0004,5.9022,5.8228,5.6705,5.6069,5.5978,5.5647,5.6988,5.8313,5.9463,6.1224,6.2875,6.4191,6.4689,6.4858
35039,0.060983,0.046252,0.05444,5.9687,5.8622,5.7754,5.6043,5.5257,5.5043,5.4453,5.5623,5.6837,5.7913,5.9597,6.1224,6.259,6.3158,6.344
35046,0.060814,0.047107,0.054805,5.9628,5.8658,5.787,5.6341,5.5673,5.5536,5.5028,5.62,5.7396,5.8451,6.0093,6.1674,6.2987,6.3522,6.3768
35053,0.058996,0.046657,0.055469,5.7952,5.7106,5.6428,5.516,5.468,5.4686,5.4551,5.592,5.7247,5.8394,6.0157,6.1829,6.3199,6.3748,6.3992
35060,0.059084,0.046248,0.054187,5.7984,5.7089,5.6367,5.4986,5.4416,5.4347,5.404,5.5296,5.6547,5.7643,5.9347,6.0992,6.2376,6.2958,6.3258
35067,0.058282,0.045816,0.052892,5.7219,5.6352,5.5652,5.4311,5.3754,5.3681,5.3345,5.4541,5.5743,5.6803,5.8467,6.0099,6.1509,6.2129,6.2492
35074,0.058019,0.045621,0.056103,5.6965,5.6115,5.5436,5.4181,5.373,5.3774,5.3864,5.5406,5.6871,5.8125,6.0037,6.1833,6.3288,6.3867,6.4125
35081,0.058218,0.043495,0.053691,5.6912,5.5842,5.4971,5.3271,5.2511,5.233,5.2071,5.347,5.4871,5.61,5.8013,5.9863,6.1437,6.2121,6.2525
35088,0.057729,0.043433,0.054049,5.6467,5.5437,5.4601,5.2986,5.2287,5.2154,5.2018,5.3485,5.4931,5.6192,5.8145,6.0023,6.161,6.2293,6.2688
35095,0.056555,0.042125,0.054335,5.5275,5.4232,5.3388,5.1768,5.1085,5.0978,5.1052,5.2683,5.4264,5.5631,5.7735,5.9745,6.1434,6.2162,6.2591
35102,0.055889,0.041182,0.056513,5.4579,5.3517,5.2664,5.1053,5.0418,5.0381,5.0814,5.275,5.457,5.612,5.8467,6.0657,6.2435,6.3163,6.3547
35109,0.055646,0.039894,0.056329,5.4223,5.3064,5.2129,5.0343,4.9602,4.9501,4.9935,5.1933,5.3822,5.5435,5.788,6.0166,6.203,6.2804,6.3234
35116,0.055055,0.043486,0.060546,5.4086,5.3322,5.2731,5.1743,5.1557,5.186,5.2943,5.5212,5.7224,5.8891,6.1347,6.3548,6.5218,6.5817,6.6003
35123,0.054178,0.045484,0.062956,5.3519,5.3024,5.2666,5.2221,5.2412,5.2987,5.4527,5.6985,5.9086,6.0797,6.3274,6.5441,6.7011,6.7518,6.7575
35130,0.054184,0.045441,0.062422,5.3519,5.3018,5.2655,5.2189,5.2359,5.2913,5.4387,5.6794,5.8858,6.0541,6.2985,6.5131,6.6699,6.7214,6.7289
35137,0.054104,0.050518,0.065302,5.3998,5.3977,5.4025,5.4487,5.5267,5.6234,5.8124,6.0564,6.2548,6.4125,6.6357,6.8244,6.9511,6.9829,6.9674
35144,0.054195,0.051676,0.06468,5.4204,5.4278,5.4405,5.5032,5.5901,5.691,5.8724,6.1037,6.2904,6.4384,6.6478,6.8248,6.9432,6.9721,6.955
35151,0.054008,0.051498,0.065163,5.4018,5.4094,5.4225,5.4865,5.5752,5.6782,5.8682,6.1063,6.2982,6.4502,6.6647,6.8455,6.9658,6.9947,6.9768
35158,0.054259,0.051935,0.064098,5.4288,5.4378,5.4518,5.5163,5.6033,5.7034,5.8771,6.1009,6.2816,6.4249,6.628,6.8003,6.9164,6.9451,6.9289
35165,0.054284,0.054843,0.068431,5.4629,5.4996,5.538,5.6606,5.7899,5.9223,6.1503,6.4022,6.5983,6.7503,6.96,7.1296,7.2316,7.2461,7.2096
35172,0.054216,0.053789,0.067742,5.4454,5.4728,5.5033,5.6078,5.7251,5.8492,6.069,6.3199,6.5172,6.671,6.8845,7.0591,7.1672,7.1858,7.1541
35179,0.054037,0.053465,0.068045,5.4259,5.4521,5.4816,5.5846,5.7015,5.8261,6.0521,6.3087,6.5106,6.6681,6.8867,7.0653,7.1761,7.1954,7.1639
35186,0.053943,0.05448,0.069103,5.4286,5.4652,5.5038,5.6278,5.7594,5.8946,6.1358,6.3982,6.6024,6.7606,6.9785,7.1544,7.2599,7.2749,7.2378
35193,0.053477,0.056364,0.070576,5.4073,5.4658,5.5233,5.6904,5.8512,6.0068,6.2751,6.5453,6.7509,6.9083,7.1221,7.291,7.3867,7.3946,7.3486
35200,0.053569,0.054497,0.068533,5.3952,5.4352,5.4765,5.6061,5.7406,5.8769,6.1175,6.3765,6.5774,6.733,6.9476,7.1213,7.2265,7.2423,7.2068
35207,0.053706,0.054832,0.06789,5.411,5.4526,5.4951,5.6265,5.7609,5.8961,6.1271,6.3772,6.5709,6.721,6.9281,7.0962,7.1984,7.2138,7.179
35214,0.053691,0.05458,0.069213,5.4071,5.4469,5.4883,5.6187,5.7546,5.8928,6.1396,6.4041,6.6093,6.768,6.9864,7.1623,7.2676,7.2823,7.2447
35221,0.053595,0.057351,0.069895,5.4285,5.4947,5.5585,5.7386,5.9061,6.0646,6.3238,6.5817,6.7761,6.9243,7.1253,7.2835,7.372,7.3774,7.3304
35228,0.053796,0.059007,0.07228,5.4646,5.5449,5.6211,5.8309,6.0201,6.1954,6.4812,6.7531,6.9552,7.1076,7.3114,7.4676,7.5482,7.546,7.4883
35235,0.053444,0.058455,0.071222,5.427,5.5051,5.5793,5.7836,5.9681,6.1392,6.4178,6.684,6.8824,7.0325,7.2341,7.3902,7.4734,7.4741,7.4207
35242,0.053623,0.058758,0.070118,5.4461,5.525,5.5996,5.8034,5.9856,6.1534,6.4162,6.6689,6.8568,6.9989,7.1901,7.3387,7.4184,7.4192,7.3677
35249,0.054028,0.058215,0.068203,5.4764,5.546,5.6123,5.7956,5.9618,6.1165,6.3492,6.5833,6.7588,6.8924,7.0739,7.2174,7.2978,7.3021,7.2569
35256,0.054446,0.059799,0.069956,5.531,5.612,5.6881,5.8946,6.0774,6.2446,6.4928,6.7338,6.912,7.0463,7.2265,7.3653,7.4373,7.4346,7.3802
35263,0.054232,0.058716,0.068711,5.5001,5.5726,5.6415,5.8307,6.0012,6.1591,6.395,6.6304,6.8062,6.9397,7.1203,7.2619,7.3395,7.3416,7.2935
35270,0.053904,0.058568,0.068978,5.4692,5.5434,5.6138,5.8069,5.9805,6.141,6.3854,6.6261,6.8057,6.942,7.1263,7.2707,7.35,7.3524,7.3042
35277,0.054432,0.05883,0.067542,5.5191,5.5905,5.6581,5.8431,6.0089,6.162,6.3808,6.6029,6.7686,6.8947,7.0658,7.2011,7.2763,7.2792,7.2338
35284,0.054058,0.055369,0.06502,5.448,5.4903,5.5329,5.6606,5.7878,5.9138,6.1055,6.3222,6.4903,6.621,6.8032,6.9538,7.0488,7.0656,7.0371
35291,0.053919,0.055167,0.065191,5.4334,5.4753,5.5174,5.6446,5.7719,5.8983,6.094,6.3143,6.4852,6.6183,6.8035,6.9566,7.0533,7.0706,7.0423
35298,0.053873,0.055144,0.066271,5.4291,5.4716,5.5144,5.6444,5.7752,5.9056,6.1149,6.3463,6.5256,6.6648,6.8579,7.0161,7.1142,7.1303,7.0991
35305,0.053523,0.056991,0.06862,5.418,5.4812,5.5421,5.7146,5.8754,6.028,6.2729,6.5203,6.7075,6.8507,7.0459,7.2012,7.2905,7.2984,7.2557
35312,0.053922,0.059771,0.070072,5.4839,5.5693,5.6494,5.8648,6.0539,6.2255,6.4836,6.7291,6.9098,7.0458,7.228,7.3684,7.4412,7.4388,7.3844
35319,0.054163,0.059279,0.069772,5.5001,5.5788,5.653,5.8553,6.0356,6.2011,6.4513,6.6948,6.8755,7.012,7.1956,7.3379,7.4133,7.4125,7.3602
35326,0.054262,0.05808,0.068649,5.4959,5.5624,5.6261,5.8039,5.9673,6.1208,6.3549,6.5927,6.7716,6.908,7.0932,7.2393,7.3209,7.3251,7.2789
35333,0.053995,0.056801,0.066837,5.458,5.5146,5.5696,5.7265,5.8746,6.0161,6.2318,6.4597,6.6332,6.7668,6.9502,7.0982,7.1861,7.1964,7.1588
35340,0.0543,0.055746,0.065582,5.4737,5.5176,5.5614,5.6925,5.8224,5.9507,6.1454,6.3644,6.5338,6.6653,6.8479,6.9978,7.0907,7.1056,7.0743
35347,0.053758,0.054559,0.065517,5.4125,5.4503,5.4892,5.6097,5.7336,5.8587,6.0603,6.2879,6.4653,6.6036,6.7963,6.9558,7.0569,7.0759,7.0484
35354,0.053902,0.054221,0.065502,5.4217,5.4552,5.4903,5.6026,5.7213,5.8431,6.0419,6.2701,6.449,6.5887,6.7838,6.9455,7.0487,7.0686,7.0421
35361,0.053892,0.054234,0.065058,5.4209,5.4545,5.4895,5.6012,5.7189,5.8394,6.033,6.2568,6.4323,6.5695,6.7614,6.9211,7.0237,7.0441,7.0188
35368,0.054261,0.052573,0.063174,5.4358,5.4503,5.4687,5.5418,5.6326,5.7335,5.8968,6.1082,6.2781,6.413,6.6044,6.7677,6.8786,6.9065,6.8912
35375,0.054383,0.052249,0.061611,5.443,5.4529,5.4671,5.5292,5.6106,5.7033,5.8456,6.0423,6.202,6.3297,6.5126,6.6711,6.7824,6.8131,6.8035
35382,0.054368,0.052473,0.0603,5.444,5.4556,5.471,5.5341,5.6141,5.7039,5.831,6.0137,6.1623,6.2814,6.4534,6.6043,6.7127,6.7445,6.7382
35389,0.054411,0.05227,0.059273,5.4455,5.4546,5.4676,5.5243,5.5986,5.6833,5.7973,5.9705,6.1124,6.2268,6.3932,6.5409,6.6495,6.6832,6.6807
35396,0.054514,0.05212,0.058658,5.453,5.4596,5.4703,5.5213,5.5911,5.672,5.7768,5.944,6.0818,6.1934,6.3565,6.5024,6.6112,6.6462,6.6461
35403,0.05533,0.051594,0.058501,5.5204,5.5148,5.5151,5.5425,5.5968,5.6674,5.7563,5.9198,6.0571,6.1692,6.3338,6.4818,6.5931,6.6296,6.6311
35410,0.055468,0.052625,0.062356,5.5443,5.5481,5.5572,5.6081,5.6828,5.7715,5.9052,6.1011,6.2611,6.389,6.5719,6.7293,6.8377,6.8658,6.8523
35417,0.055715,0.053548,0.064201,5.5767,5.5873,5.6025,5.6686,5.7553,5.8539,6.0066,6.2147,6.3824,6.5152,6.7031,6.8614,6.9656,6.9883,6.9666
35424,0.056188,0.052807,0.06247,5.6108,5.6098,5.6148,5.6563,5.7247,5.8091,5.9325,6.1244,6.282,6.4083,6.5892,6.7447,6.8512,6.8782,6.8635
35431,0.055032,0.053422,0.063355,5.514,5.5294,5.5485,5.6226,5.7136,5.8141,5.9677,6.1721,6.3361,6.4662,6.6505,6.807,6.9118,6.9363,6.9177
35438,0.054559,0.055016,0.06488,5.4891,5.5237,5.5595,5.6722,5.7895,5.9088,6.0901,6.3043,6.4719,6.6029,6.7859,6.9378,7.0344,7.0523,7.0249
35445,0.054338,0.055377,0.064526,5.4731,5.5129,5.5531,5.6749,5.7974,5.9196,6.1007,6.3108,6.4743,6.6018,6.7799,6.9278,7.0219,7.0391,7.0119
35452,0.054202,0.055401,0.064804,5.4612,5.5025,5.5441,5.6693,5.7945,5.9189,6.1055,6.3191,6.4849,6.6141,6.7942,6.9434,7.0378,7.0547,7.0267
35459,0.054203,0.0556,0.065153,5.4635,5.5067,5.55,5.6793,5.8076,5.9343,6.1254,6.3414,6.5087,6.6387,6.8197,6.9689,7.0624,7.0783,7.0487
35466,0.054381,0.054327,0.063587,5.4655,5.495,5.5262,5.6276,5.7361,5.8482,6.0163,6.2222,6.3847,6.5124,6.6923,6.8439,6.9437,6.9654,6.9438
35473,0.054103,0.054076,0.062953,5.4378,5.4673,5.4985,5.5991,5.7065,5.8172,5.9821,6.1845,6.3445,6.4705,6.6485,6.7996,6.9006,6.924,6.9052
35480,0.053677,0.053701,0.061134,5.3954,5.4248,5.4554,5.5532,5.6563,5.762,5.9118,6.1006,6.2503,6.3689,6.5381,6.6844,6.7864,6.8134,6.8013
35487,0.053208,0.055586,0.06449,5.3742,5.426,5.4765,5.6217,5.7595,5.8919,6.0915,6.3068,6.4721,6.6003,6.7787,6.9265,7.0204,7.0376,7.0104
35494,0.053832,0.056984,0.064785,5.4451,5.5042,5.5608,5.7192,5.8649,6.0019,6.1961,6.4036,6.5612,6.6826,6.8505,6.9881,7.0726,7.0847,7.0524
35501,0.053739,0.057372,0.065484,5.441,5.5047,5.5654,5.7334,5.8863,6.0289,6.2333,6.4464,6.6072,6.7307,6.9006,7.0385,7.1214,7.1315,7.0962
35508,0.054178,0.058444,0.06707,5.4922,5.5622,5.6285,5.8104,5.9738,6.1249,6.342,6.5628,6.728,6.8539,7.0254,7.1617,7.2392,7.2439,7.2009
35515,0.055705,0.059795,0.067258,5.6435,5.7122,5.7772,5.9555,6.1155,6.2634,6.4586,6.6655,6.8198,6.937,7.0959,7.2207,7.2879,7.2874,7.2395
35522,0.055906,0.060708,0.068107,5.6714,5.7469,5.8179,6.0099,6.1795,6.3343,6.5372,6.7467,6.9015,7.0183,7.1754,7.2969,7.3591,7.3548,7.3019
35529,0.055808,0.061315,0.068505,5.6692,5.7513,5.8279,6.0327,6.2109,6.3718,6.5815,6.7925,6.947,7.063,7.2182,7.3371,7.3961,7.3894,7.3338
35536,0.055755,0.062017,0.068234,5.6721,5.7609,5.8433,6.0602,6.2454,6.4102,6.6182,6.8233,6.9718,7.0828,7.2306,7.343,7.3972,7.3886,7.3318
35543,0.05571,0.061668,0.0681,5.6642,5.7503,5.8302,6.0418,6.2235,6.386,6.5928,6.7986,6.9483,7.0604,7.2102,7.3246,7.3809,7.3737,7.3182
35550,0.056119,0.060286,0.065951,5.6857,5.7548,5.8198,5.9961,6.1524,6.2956,6.4689,6.6579,6.7983,6.905,7.0499,7.1644,7.2265,7.2256,7.1796
35557,0.055999,0.060704,0.066217,5.6795,5.7535,5.8228,6.0089,6.1717,6.3194,6.4982,6.6884,6.8288,6.935,7.0787,7.1914,7.2512,7.2488,7.2009
35564,0.056278,0.059714,0.065002,5.6936,5.7557,5.8146,5.9763,6.1221,6.2572,6.4161,6.5976,6.7337,6.8378,6.9805,7.0947,7.1591,7.161,7.1191
35571,0.056313,0.059287,0.066134,5.6923,5.7506,5.8064,5.9629,6.1072,6.2432,6.4145,6.6093,6.7563,6.8688,7.0227,7.1453,7.2139,7.2159,7.1721
35578,0.05622,0.059844,0.067211,5.6901,5.7546,5.8161,5.9859,6.1403,6.2842,6.4704,6.6735,6.8257,6.9415,7.0986,7.2221,7.2884,7.2876,7.2393
35585,0.056416,0.059017,0.064862,5.6985,5.7529,5.8053,5.9525,6.089,6.2182,6.3725,6.5553,6.694,6.8008,6.9478,7.0664,7.1351,7.1393,7.0997
35592,0.056347,0.059046,0.064161,5.6925,5.7476,5.8004,5.9478,6.0833,6.2109,6.358,6.5341,6.6676,6.7704,6.9123,7.0277,7.0953,7.1003,7.0626
35599,0.056489,0.057427,0.061862,5.6875,5.7258,5.7638,5.8763,5.9867,6.0952,6.2111,6.3717,6.4969,6.5951,6.7336,6.8505,6.9259,6.9386,6.9122
35606,0.056456,0.057643,0.062543,5.687,5.7278,5.768,5.8862,6.0013,6.1137,6.2384,6.4049,6.5341,6.635,6.7767,6.8951,6.9699,6.9811,6.9521
35613,0.056463,0.057877,0.06205,5.69,5.7328,5.7745,5.8955,6.0113,6.1235,6.2425,6.4028,6.5269,6.6238,6.7601,6.8745,6.9471,6.9582,6.93
35620,0.056604,0.056611,0.059972,5.6888,5.718,5.7479,5.8403,5.9354,6.0315,6.1222,6.2674,6.3828,6.4745,6.6061,6.7204,6.7988,6.8165,6.7981
35627,0.056541,0.056867,0.058505,5.6858,5.7174,5.749,5.8436,5.9376,6.031,6.1054,6.2351,6.3381,6.4203,6.5396,6.6453,6.7204,6.7391,6.7245
35634,0.056214,0.056402,0.058185,5.6514,5.6817,5.7121,5.8039,5.896,5.988,6.0636,6.1943,6.2985,6.382,6.5035,6.6118,6.6899,6.7107,6.6987
35641,0.056173,0.056215,0.056429,5.6455,5.6738,5.7022,5.7877,5.8732,5.9584,6.0136,6.128,6.2201,6.2948,6.4054,6.5071,6.5845,6.6083,6.6025
35648,0.055922,0.05758,0.058307,5.6379,5.6816,5.7234,5.8404,5.9484,6.0505,6.1336,6.2613,6.3605,6.439,6.5523,6.6525,6.7233,6.7403,6.7245
35655,0.056109,0.057876,0.060572,5.6582,5.7036,5.7474,5.8712,5.9868,6.0968,6.204,6.3518,6.4657,6.555,6.6816,6.7897,6.861,6.8741,6.8504
35662,0.05605,0.056572,0.060155,5.6388,5.6727,5.7066,5.8086,5.9103,6.0113,6.1133,6.2638,6.3824,6.4763,6.6106,6.7269,6.8063,6.8242,6.8056
35669,0.055953,0.057542,0.061421,5.6407,5.6848,5.7276,5.8504,5.9669,6.079,6.1986,6.3574,6.4802,6.5762,6.7118,6.8266,6.9013,6.9145,6.8893
35676,0.056018,0.057324,0.061015,5.6442,5.6855,5.7259,5.843,5.9554,6.0642,6.1777,6.3331,6.4539,6.5487,6.6831,6.7976,6.8731,6.8875,6.8641
35683,0.05598,0.057607,0.061519,5.6439,5.6883,5.7314,5.8551,5.9723,6.0849,6.2052,6.3645,6.4875,6.5838,6.7195,6.8342,6.9085,6.9214,6.8957
35690,0.056313,0.056229,0.057938,5.6584,5.6861,5.7142,5.8008,5.8893,5.9786,6.0494,6.178,6.2811,6.3639,6.4848,6.5931,6.672,6.6937,6.6829
35697,0.056295,0.056422,0.056703,5.6587,5.6879,5.7171,5.8045,5.8915,5.9779,6.0345,6.1499,6.2426,6.3175,6.4281,6.5293,6.6055,6.6282,6.6208
35704,0.056383,0.056916,0.056586,5.6719,5.7047,5.737,5.8309,5.9216,6.01,6.0643,6.1755,6.2641,6.3356,6.4412,6.5379,6.6106,6.6318,6.6232
35711,0.056002,0.056222,0.05755,5.6304,5.6607,5.691,5.7821,5.873,5.9634,6.0348,6.1614,6.2625,6.3437,6.4626,6.5696,6.6485,6.6708,6.6614
35718,0.056105,0.057305,0.057655,5.6514,5.6906,5.7286,5.8363,5.9374,6.0341,6.1061,6.2276,6.3229,6.3989,6.5094,6.6084,6.6801,6.6988,6.6858
35725,0.056312,0.058406,0.057619,5.6817,5.7292,5.774,5.8965,6.0064,6.1081,6.1773,6.2917,6.3797,6.4493,6.5503,6.6404,6.7045,6.7195,6.7032
35732,0.056543,0.056413,0.055012,5.6806,5.7069,5.7333,5.8123,5.8913,5.97,6.0024,6.0995,6.1787,6.2437,6.3419,6.4349,6.509,6.5339,6.5319
35739,0.056759,0.056622,0.055373,5.7023,5.7287,5.7552,5.8348,5.9144,5.9939,6.0272,6.1256,6.2056,6.2712,6.3698,6.4625,6.5354,6.559,6.5551
35746,0.057545,0.057553,0.053734,5.7825,5.8099,5.8367,5.9144,5.9895,6.0629,6.0645,6.1372,6.197,6.2471,6.3248,6.4015,6.4655,6.4878,6.4862
35753,0.057433,0.057504,0.052808,5.7718,5.7994,5.8262,5.903,5.9761,6.047,6.0395,6.1038,6.1572,6.2025,6.2743,6.3471,6.4105,6.4344,6.4361
35760,0.057377,0.057665,0.052524,5.7686,5.798,5.8264,5.9062,5.9808,6.0522,6.0423,6.1032,6.1538,6.1967,6.2652,6.3356,6.3976,6.4214,6.4236
35767,0.059128,0.057049,0.052056,5.9187,5.9267,5.9365,5.9741,6.0204,6.0722,6.0272,6.0763,6.1217,6.1621,6.2288,6.2991,6.3628,6.3884,6.3932
35774,0.059374,0.057243,0.052972,5.9429,5.9508,5.9606,5.9993,6.0474,6.1015,6.0635,6.1194,6.1699,6.214,6.2851,6.3579,6.4211,6.4445,6.4456
35781,0.059029,0.056858,0.052138,5.9078,5.915,5.9241,5.9604,6.0062,6.0579,6.0153,6.0667,6.1142,6.1563,6.2252,6.2976,6.3628,6.3889,6.3941
35788,0.059163,0.056492,0.051486,5.9158,5.9182,5.9231,5.9495,5.988,6.0341,5.9811,6.0272,6.0714,6.1115,6.1785,6.2505,6.3173,6.3454,6.354
35795,0.057195,0.057009,0.051124,5.745,5.7696,5.7936,5.8625,5.9283,5.9924,5.9682,6.0196,6.0638,6.1027,6.1668,6.2359,6.3011,6.3291,6.3383
35802,0.056347,0.054774,0.048869,5.6447,5.6558,5.668,5.7092,5.7554,5.805,5.7655,5.8106,5.8533,5.8927,5.9606,6.0379,6.1167,6.156,6.1806
35809,0.056178,0.053069,0.048518,5.6111,5.6081,5.6082,5.623,5.6528,5.6921,5.6493,5.7006,5.7511,5.7977,5.8775,5.9668,6.057,6.1027,6.1339
35816,0.056293,0.052841,0.049674,5.6191,5.6134,5.6114,5.6229,5.6524,5.6933,5.6622,5.7255,5.7858,5.84,5.9297,6.026,6.1188,6.1634,6.191
35823,0.056195,0.053604,0.051694,5.6188,5.6215,5.6272,5.6578,5.7023,5.7554,5.7509,5.8311,5.9026,5.9644,6.0625,6.1624,6.2522,6.2913,6.3093
35830,0.056493,0.052205,0.050324,5.6302,5.6171,5.609,5.6077,5.6304,5.6679,5.6406,5.7124,5.7808,5.8417,5.9409,6.0449,6.1425,6.1881,6.2152
35837,0.056485,0.052737,0.050113,5.6352,5.6269,5.6229,5.6302,5.6578,5.6979,5.6688,5.7359,5.7996,5.8565,5.9498,6.0487,6.1424,6.1866,6.2128
35844,0.056411,0.052611,0.049769,5.6272,5.6183,5.6137,5.6195,5.6456,5.6844,5.6522,5.7169,5.779,5.8347,5.9268,6.0251,6.1194,6.1646,6.1925
35851,0.056343,0.054484,0.050633,5.6414,5.6505,5.6613,5.7017,5.7502,5.804,5.7853,5.8496,5.9074,5.9583,6.0413,6.1291,6.2117,6.2494,6.2684
35858,0.056589,0.054931,0.052266,5.6684,5.6799,5.6931,5.7403,5.7954,5.8553,5.8526,5.9295,5.9964,6.0537,6.1442,6.2358,6.3169,6.3505,6.3623
35865,0.056666,0.054629,0.051388,5.672,5.6797,5.6895,5.7283,5.7768,5.8314,5.8166,5.8858,5.9475,6.0013,6.0879,6.1777,6.2597,6.2956,6.3114
35872,0.056655,0.054352,0.050776,5.6679,5.6731,5.6805,5.7135,5.7575,5.8083,5.7861,5.8506,5.9094,5.9612,6.0457,6.1348,6.2181,6.2558,6.2746
35879,0.056494,0.055166,0.051392,5.6624,5.6766,5.6919,5.7427,5.7987,5.858,5.8466,5.9141,5.9733,6.0246,6.1071,6.193,6.2716,6.3058,6.32
35886,0.056481,0.055893,0.050173,5.6688,5.6894,5.7098,5.7704,5.8303,5.8901,5.8652,5.9169,5.9626,6.0032,6.071,6.1455,6.2179,6.2515,6.2678
35893,0.056213,0.05485,0.050586,5.6337,5.6473,5.6619,5.7106,5.7643,5.8212,5.8045,5.8672,5.9229,5.9718,6.0517,6.1367,6.2169,6.2535,6.2716
35900,0.056162,0.05569,0.050208,5.6381,5.6597,5.681,5.7439,5.8056,5.8668,5.8474,5.9024,5.9505,5.9929,6.0633,6.14,6.2142,6.2485,6.2655
35907,0.056038,0.0563,0.050973,5.6337,5.6622,5.6896,5.7666,5.8383,5.9069,5.8993,5.9595,6.0102,6.0539,6.1251,6.2008,6.2718,6.3031,6.3155
35914,0.055948,0.057682,0.052527,5.6407,5.6831,5.7227,5.8279,5.9195,6.0025,6.0164,6.0857,6.1404,6.1858,6.257,6.3294,6.3929,6.4174,6.4203
35921,0.056195,0.056406,0.05071,5.6489,5.6769,5.7038,5.7792,5.8493,5.9164,5.9031,5.9593,6.0069,6.0483,6.1164,6.1898,6.2597,6.2908,6.3038
35928,0.056079,0.056714,0.050533,5.6418,5.6736,5.7036,5.7858,5.86,5.9293,5.9162,5.9697,6.0145,6.0535,6.1181,6.1884,6.2561,6.2866,6.2993
35935,0.056109,0.056616,0.050028,5.6433,5.6738,5.7026,5.7815,5.8528,5.9196,5.8999,5.9486,5.9901,6.0267,6.0883,6.157,6.2248,6.2563,6.2711
35942,0.056023,0.056519,0.049783,5.6346,5.6649,5.6935,5.7717,5.8423,5.9083,5.887,5.9343,5.9747,6.0106,6.0714,6.1398,6.2081,6.2404,6.2564
35949,0.05612,0.056204,0.049101,5.6398,5.6661,5.6911,5.7609,5.8251,5.8861,5.8547,5.8962,5.933,5.9665,6.0248,6.0923,6.1619,6.1962,6.2156
35956,0.056045,0.056686,0.048224,5.6381,5.6692,5.6982,5.7753,5.8427,5.9044,5.8643,5.895,5.9225,5.9486,5.9968,6.0565,6.1219,6.156,6.1772
35963,0.055962,0.056264,0.048937,5.6262,5.6544,5.6811,5.7543,5.8205,5.8825,5.8519,5.8924,5.928,5.9605,6.0175,6.084,6.1532,6.1876,6.2076
35970,0.056138,0.056086,0.047904,5.64,5.6647,5.6881,5.7528,5.812,5.8681,5.822,5.852,5.8803,5.9076,5.9583,6.021,6.0901,6.1266,6.1508
35977,0.056335,0.05629,0.047135,5.6597,5.6842,5.7073,5.7703,5.827,5.8802,5.8219,5.842,5.8626,5.8841,5.9271,5.9843,6.051,6.0879,6.1142
35984,0.056238,0.055983,0.047363,5.6478,5.6704,5.692,5.7521,5.8075,5.8603,5.806,5.8305,5.8549,5.8795,5.9269,5.9877,6.0568,6.0945,6.1209
35991,0.056322,0.055656,0.048439,5.6519,5.6711,5.6901,5.7456,5.7998,5.8536,5.8104,5.8468,5.8812,5.9135,5.9711,6.0395,6.1118,6.1489,6.1723
35998,0.056311,0.055733,0.048147,5.6517,5.6717,5.6912,5.7475,5.8018,5.8551,5.8087,5.8419,5.8736,5.9038,5.9587,6.0251,6.0967,6.1339,6.1582
36005,0.05622,0.055937,0.049187,5.6459,5.6689,5.6911,5.7548,5.8154,5.8742,5.8419,5.885,5.9237,5.9589,6.0198,6.0897,6.1611,6.1961,6.216
36012,0.05633,0.055435,0.048345,5.6502,5.6673,5.6845,5.7359,5.7875,5.8395,5.7948,5.8314,5.8663,5.8992,5.958,6.0276,6.1014,6.1393,6.1638
36019,0.056461,0.054527,0.048163,5.6521,5.6597,5.6688,5.7022,5.7425,5.7872,5.7372,5.7758,5.8142,5.8507,5.9153,5.9911,6.0707,6.1119,6.1398
36026,0.056513,0.05441,0.049031,5.6557,5.662,5.6702,5.7027,5.7437,5.7903,5.7496,5.7972,5.8428,5.8846,5.9564,6.037,6.1183,6.1585,6.1835
36033,0.05695,0.052634,0.049365,5.6756,5.662,5.6532,5.6489,5.6677,5.701,5.6551,5.7125,5.7698,5.8222,5.91,6.0055,6.0987,6.1442,6.1732
36040,0.056714,0.050432,0.048058,5.6306,5.5986,5.5739,5.534,5.5293,5.5466,5.4865,5.5434,5.6044,5.6614,5.7585,5.8656,5.9727,6.0277,6.0685
36047,0.057148,0.048445,0.045794,5.6478,5.593,5.5485,5.4626,5.4259,5.42,5.3233,5.3651,5.4192,5.4732,5.5696,5.6811,5.7992,5.8645,5.9199
36054,0.0568,0.046781,0.046561,5.5988,5.5322,5.478,5.372,5.3249,5.3143,5.2305,5.2905,5.3613,5.4291,5.5455,5.6743,5.8048,5.8746,5.9323
36061,0.057422,0.045054,0.045156,5.6357,5.5473,5.4742,5.3252,5.2491,5.2184,5.1054,5.1565,5.2249,5.2928,5.4122,5.5473,5.6877,5.7655,5.8338
36068,0.055874,0.04279,0.042347,5.4723,5.3762,5.2964,5.1307,5.0418,5.0008,4.8765,4.9201,4.9851,5.0519,5.1731,5.3155,5.471,5.5623,5.6499
36075,0.056272,0.041789,0.042987,5.4972,5.3887,5.2983,5.1103,5.0085,4.9604,4.836,4.8888,4.9634,5.0385,5.1718,5.3245,5.487,5.5803,5.6682
36082,0.056147,0.041106,0.047125,5.4791,5.3668,5.2742,5.0863,4.9913,4.9539,4.8802,4.9788,5.0893,5.1917,5.3605,5.5377,5.7081,5.7964,5.8697
36089,0.054706,0.038659,0.046809,5.3237,5.202,5.1015,4.8977,4.7943,4.753,4.6958,4.8122,4.9392,5.0554,5.2451,5.4423,5.6308,5.7287,5.8114
36096,0.055091,0.037973,0.046771,5.3507,5.2193,5.1105,4.8883,4.7734,4.7248,4.6599,4.7772,4.9068,5.0258,5.2202,5.4221,5.6148,5.7148,5.7996
36103,0.055516,0.041348,0.049135,5.4255,5.3217,5.2369,5.0686,4.9895,4.9653,4.9264,5.0476,5.1739,5.2874,5.4697,5.6549,5.826,5.9104,5.9754
36110,0.055726,0.043117,0.047375,5.4631,5.3731,5.2994,5.153,5.084,5.0628,5.0018,5.095,5.1968,5.2906,5.4453,5.6083,5.7657,5.8471,5.9134
36117,0.053359,0.044042,0.047172,5.2611,5.2007,5.1525,5.063,5.0306,5.0336,5.0102,5.1105,5.2123,5.3042,5.4546,5.6129,5.7665,5.8463,5.9117
36124,0.052528,0.046726,0.046045,5.2155,5.1867,5.165,5.1325,5.1337,5.1558,5.136,5.2163,5.2961,5.3688,5.4905,5.6237,5.7589,5.832,5.894
36131,0.05563,0.043928,0.044546,5.463,5.3803,5.3121,5.1747,5.1066,5.0817,4.9893,5.0506,5.1263,5.2,5.3279,5.4718,5.6215,5.705,5.7801
36138,0.05522,0.043901,0.044034,5.4259,5.3464,5.281,5.1492,5.0842,5.0608,4.969,5.0276,5.1009,5.1725,5.2978,5.4401,5.5901,5.6749,5.7523
36145,0.055366,0.042927,0.043997,5.4285,5.3388,5.2647,5.114,5.0374,5.0068,4.9108,4.9733,5.0515,5.1279,5.2608,5.4104,5.5669,5.6549,5.7355
36152,0.055278,0.044976,0.047103,5.4431,5.3739,5.3178,5.2098,5.164,5.1568,5.1022,5.1858,5.2759,5.359,5.4973,5.6451,5.7901,5.8659,5.9277
36159,0.051608,0.046619,0.044303,5.1318,5.1097,5.0935,5.0716,5.0774,5.1006,5.0749,5.1436,5.2135,5.2785,5.3905,5.5178,5.6533,5.7303,5.8
36166,0.050857,0.046941,0.044113,5.068,5.0556,5.0476,5.0439,5.0613,5.0919,5.0766,5.1462,5.215,5.2786,5.388,5.513,5.647,5.7236,5.7934
36173,0.050284,0.04708,0.044984,5.0183,5.0126,5.0106,5.0213,5.0494,5.0883,5.0931,5.1741,5.2504,5.3192,5.4349,5.5637,5.6981,5.773,5.8392
36180,0.049606,0.047457,0.044772,4.9617,4.9655,4.9715,5,5.0393,5.0853,5.0992,5.1801,5.2545,5.3213,5.4337,5.5595,5.6919,5.7663,5.8325
36187,0.049353,0.047334,0.044213,4.9376,4.9424,4.9492,4.9789,5.0182,5.0637,5.0749,5.1523,5.224,5.2887,5.3986,5.5232,5.6562,5.7321,5.801
36194,0.049237,0.048205,0.045477,4.9368,4.9509,4.9659,5.015,5.0683,5.1241,5.1535,5.2398,5.3163,5.3838,5.4958,5.6195,5.7478,5.8186,5.8798
36201,0.049265,0.048603,0.046851,4.9438,4.9617,4.9803,5.0386,5.0996,5.1622,5.208,5.3059,5.3904,5.4635,5.582,5.709,5.8357,5.9029,5.9575
36208,0.048971,0.050017,0.047164,4.9327,4.9663,4.9982,5.086,5.1657,5.2402,5.2964,5.392,5.4715,5.5393,5.649,5.7667,5.8844,5.9464,5.9956
36215,0.048532,0.051588,0.049548,4.9107,4.9633,5.0119,5.139,5.2468,5.3424,5.4363,5.5503,5.6399,5.7137,5.8284,5.9454,6.0553,6.1084,6.144
36222,0.048472,0.052697,0.052668,4.9176,4.9819,5.041,5.1947,5.3237,5.437,5.5704,5.7103,5.8173,5.903,6.031,6.1539,6.2594,6.3041,6.3251
36229,0.048449,0.051314,0.051495,4.9005,4.952,5.0001,5.1285,5.2402,5.3413,5.4595,5.5948,5.7011,5.7875,5.9185,6.0468,6.1605,6.2116,6.2409
36236,0.048647,0.050511,0.050453,4.9094,4.9515,4.9913,5.1005,5.1987,5.2899,5.3913,5.5192,5.6217,5.7061,5.8359,5.9654,6.0832,6.1385,6.174
36243,0.048739,0.050331,0.050967,4.9158,4.9556,4.9936,5.0993,5.1961,5.2871,5.393,5.5263,5.6335,5.7216,5.8564,5.9895,6.1089,6.1639,6.1981
36250,0.048928,0.049815,0.052241,4.9273,4.9611,4.9943,5.0908,5.184,5.2746,5.392,5.5396,5.6589,5.7566,5.9042,6.0469,6.1709,6.2255,6.2565
36257,0.04898,0.04955,0.050559,4.9289,4.9593,4.9892,5.0766,5.1615,5.2445,5.3406,5.4724,5.5804,5.6699,5.8077,5.9447,6.0687,6.1268,6.1647
36264,0.048874,0.049691,0.050324,4.9209,4.9534,4.9851,5.0763,5.1631,5.247,5.3422,5.4716,5.5773,5.6649,5.8001,5.935,6.058,6.1161,6.1545
36271,0.048749,0.050131,0.050802,4.9145,4.9523,4.9886,5.0904,5.1846,5.2738,5.3773,5.51,5.6171,5.7053,5.8404,5.9743,6.095,6.1509,6.1862
36278,0.048466,0.050687,0.051412,4.8953,4.9409,4.984,5.1014,5.2063,5.3032,5.4194,5.557,5.6662,5.7554,5.891,6.0237,6.1415,6.1948,6.2264
36285,0.048377,0.051185,0.052807,4.8928,4.9443,4.9926,5.123,5.2382,5.3434,5.4783,5.6278,5.745,5.8396,5.9811,6.1166,6.2325,6.282,6.3072
36292,0.048322,0.051309,0.054838,4.8894,4.9431,4.9938,5.1319,5.2549,5.3682,5.5284,5.6979,5.8299,5.9353,6.0903,6.2342,6.3513,6.3975,6.4153
36299,0.048288,0.053611,0.055611,4.9113,4.9866,5.0556,5.2345,5.3836,5.5138,5.6865,5.8522,5.9766,6.0743,6.2161,6.3457,6.4484,6.4859,6.4942
36306,0.04799,0.054074,0.05595,4.8897,4.9719,5.047,5.2396,5.398,5.5345,5.7167,5.8852,6.0104,6.1081,6.249,6.3771,6.4773,6.5131,6.519
36313,0.047932,0.056661,0.057842,4.9126,5.0195,5.116,5.3572,5.5482,5.7075,5.916,6.0906,6.2151,6.3099,6.4434,6.5602,6.6454,6.6702,6.6624
36320,0.047726,0.057176,0.059406,4.8999,5.0139,5.1167,5.3736,5.5769,5.7463,5.9774,6.1662,6.3001,6.4014,6.5421,6.6625,6.7463,6.7675,6.7533
36327,0.048641,0.05715,0.060722,4.9816,5.0876,5.1837,5.4271,5.6233,5.7896,6.0213,6.2179,6.3593,6.4663,6.6147,6.7401,6.8245,6.8436,6.8251
36334,0.049144,0.057292,0.062529,5.0284,5.1317,5.2259,5.4669,5.664,5.8332,6.0782,6.2892,6.4418,6.5574,6.7163,6.8481,6.9331,6.9493,6.9248
36341,0.051479,0.056586,0.059151,5.2295,5.3043,5.3732,5.5536,5.7061,5.8408,6.0063,6.1735,6.2979,6.3942,6.5304,6.6487,6.732,6.7534,6.74
36348,0.050921,0.056723,0.060532,5.1812,5.2627,5.3377,5.5334,5.6979,5.8425,6.0339,6.2174,6.3531,6.4573,6.6033,6.7277,6.8122,6.8318,6.814
36355,0.050923,0.056463,0.059373,5.1784,5.2571,5.3296,5.5182,5.6766,5.8157,5.9929,6.1663,6.2947,6.3938,6.5338,6.6548,6.7397,6.7616,6.7482
36362,0.051101,0.055149,0.058854,5.1801,5.245,5.3057,5.468,5.6094,5.7372,5.9039,6.0777,6.2094,6.3122,6.4587,6.5873,6.6801,6.7068,6.6987
36369,0.050911,0.057021,0.061526,5.1836,5.2682,5.3461,5.5491,5.7198,5.8697,6.0733,6.2654,6.4068,6.5151,6.6657,6.7923,6.8761,6.8934,6.8718
36376,0.051222,0.058546,0.064363,5.2283,5.3249,5.4136,5.6431,5.8342,6.0006,6.2344,6.4451,6.5981,6.7136,6.8712,6.9987,7.0755,7.0845,7.05
36383,0.051489,0.060362,0.066611,5.272,5.3835,5.4853,5.7457,5.9589,6.1422,6.4,6.6223,6.7808,6.8989,7.0571,7.1808,7.2482,7.2488,7.2029
36390,0.052434,0.058664,0.062628,5.3378,5.424,5.5034,5.7097,5.8826,6.0341,6.2274,6.4131,6.5488,6.652,6.794,6.9109,6.9835,6.9935,6.9632
36397,0.053172,0.057794,0.060582,5.3943,5.4653,5.5312,5.7053,5.8546,5.9878,6.1437,6.3091,6.4323,6.5273,6.6605,6.7736,6.8486,6.8635,6.8414
36404,0.052935,0.059606,0.064767,5.3931,5.4841,5.5679,5.786,5.9691,6.1297,6.341,6.5404,6.6852,6.7944,6.9429,7.0618,7.1303,7.1345,7.0952
36411,0.053176,0.058893,0.06442,5.407,5.4892,5.5655,5.7666,5.9385,6.0915,6.294,6.4921,6.6377,6.7484,6.8997,7.022,7.0944,7.1012,7.0647
36418,0.053692,0.057703,0.062427,5.4401,5.5062,5.5683,5.7359,5.8836,6.0183,6.1874,6.3686,6.5047,6.6095,6.7554,6.8769,6.9542,6.9668,6.9393
36425,0.053475,0.058227,0.062431,5.4263,5.4991,5.567,5.7472,5.9028,6.0426,6.2158,6.3957,6.5294,6.6319,6.774,6.8919,6.9659,6.977,6.948
36432,0.055203,0.057853,0.063416,5.5771,5.6314,5.6834,5.8291,5.9636,6.0904,6.2464,6.4279,6.5661,6.673,6.8216,6.9443,7.0201,7.0303,6.9987
36439,0.055417,0.060226,0.063035,5.6219,5.6957,5.7643,5.9453,6.1005,6.2391,6.3893,6.5538,6.6746,6.7667,6.893,6.9955,7.0552,7.0581,7.0207
36446,0.055395,0.0605,0.063191,5.6229,5.6995,5.7703,5.9567,6.1155,6.2565,6.4092,6.5739,6.6944,6.7859,6.9112,7.0124,7.0705,7.0724,7.0338
36453,0.055461,0.061264,0.064086,5.6371,5.7204,5.7971,5.9972,6.1657,6.3141,6.477,6.6463,6.769,6.8614,6.9867,7.0861,7.1402,7.1387,7.0952
36460,0.055139,0.062178,0.064244,5.6181,5.7127,5.7991,6.0206,6.2028,6.36,6.5309,6.6991,6.8186,6.9077,7.0274,7.1211,7.1698,7.1653,7.119
36467,0.058065,0.059342,0.06154,5.8493,5.8908,5.9313,6.0476,6.1582,6.2649,6.3526,6.4911,6.598,6.6816,6.7993,6.8978,6.9584,6.9646,6.9329
36474,0.057444,0.058664,0.061347,5.7863,5.8272,5.8671,5.9824,6.0928,6.1996,6.2947,6.4383,6.5496,6.6368,6.7598,6.8635,6.9291,6.938,6.9091
36481,0.058447,0.058762,0.061326,5.8772,5.91,5.9429,6.0422,6.1418,6.241,6.3194,6.4564,6.564,6.6488,6.7688,6.8702,6.934,6.9421,6.9125
36488,0.058353,0.059354,0.062708,5.8753,5.9148,5.9537,6.0678,6.1786,6.287,6.3839,6.5322,6.6471,6.7366,6.8619,6.9653,7.0269,7.0315,6.9962
36495,0.062108,0.057913,0.064796,6.1965,6.1898,6.1896,6.218,6.2762,6.3524,6.4105,6.5649,6.6928,6.7949,6.939,7.0574,7.1269,7.1317,7.0929
36502,0.062687,0.057226,0.064177,6.2409,6.2226,6.2123,6.2176,6.26,6.3251,6.3656,6.5139,6.6394,6.7407,6.8848,7.0048,7.0774,7.0848,7.0494
36509,0.062546,0.058215,0.066047,6.2392,6.2318,6.2311,6.2598,6.3197,6.3984,6.4644,6.6272,6.7614,6.8681,7.0177,7.1389,7.2074,7.2097,7.1663
36516,0.062436,0.059747,0.067627,6.246,6.2541,6.267,6.327,6.4087,6.5033,6.5912,6.7626,6.9001,7.0078,7.1563,7.2733,7.334,7.3298,7.2779
36523,0.058044,0.062066,0.066507,5.8774,5.9456,6.0098,6.1835,6.3373,6.4781,6.6276,6.8019,6.9304,7.0276,7.1583,7.2591,7.3082,7.3002,7.2466
36530,0.057173,0.064058,0.068274,5.8211,5.9159,6.0031,6.2297,6.4195,6.5859,6.7725,6.9594,7.0923,7.1904,7.3193,7.4144,7.454,7.4383,7.375
36537,0.05677,0.065095,0.069726,5.7964,5.9047,6.0038,6.2582,6.4679,6.6491,6.8604,7.0588,7.1977,7.2993,7.4309,7.5255,7.5608,7.5406,7.4709
36544,0.05688,0.065135,0.070023,5.8066,5.9145,6.0131,6.267,6.4767,6.6582,6.8713,7.0718,7.2124,7.3152,7.4484,7.5438,7.5792,7.5586,7.488
36551,0.056889,0.065345,0.067547,5.8094,5.9183,6.0172,6.2689,6.4733,6.6477,6.8314,7.0062,7.127,7.215,7.329,7.4115,7.4421,7.4233,7.3582
36558,0.057159,0.068037,0.068326,5.8627,5.994,6.1121,6.4063,6.6378,6.8299,7.0204,7.1879,7.2982,7.3761,7.4736,7.539,7.5531,7.5249,7.4501
36565,0.056572,0.069504,0.066741,5.8258,5.9752,6.1084,6.4342,6.683,6.8838,7.0663,7.2141,7.3058,7.3683,7.4441,7.4918,7.4949,7.4639,7.3892
36572,0.056558,0.068982,0.068421,5.8191,5.9644,6.0946,6.4155,6.6641,6.8673,7.0696,7.2368,7.3441,7.4187,7.5106,7.5702,7.579,7.5481,7.4707
36579,0.056729,0.069148,0.067099,5.8361,5.9809,6.1104,6.4281,6.6725,6.8709,7.0548,7.2071,7.303,7.3691,7.45,7.5019,7.5076,7.4772,7.4026
36586,0.05732,0.06764,0.067345,5.8728,5.9987,6.112,6.3944,6.617,6.8018,6.9777,7.1365,7.2412,7.3154,7.4089,7.4724,7.4876,7.4614,7.3902
36593,0.057745,0.067556,0.066663,5.9098,6.0309,6.14,6.412,6.6267,6.8053,6.966,7.1159,7.2148,7.2849,7.3733,7.4337,7.4479,7.4225,7.3531
36600,0.058254,0.067953,0.066435,5.9597,6.0798,6.1879,6.4573,6.6694,6.8457,6.9954,7.1382,7.2315,7.2974,7.38,7.4356,7.4464,7.4197,7.3495
36607,0.059169,0.06818,0.064686,6.0439,6.1574,6.2593,6.5125,6.7111,6.8755,6.9894,7.1082,7.1844,7.2377,7.3044,7.3486,7.3545,7.3283,7.2616
36614,0.059144,0.069983,0.065201,6.0612,6.1915,6.3078,6.5932,6.8124,6.9903,7.112,7.2271,7.2968,7.3437,7.3996,7.4327,7.4276,7.3952,7.3219
36621,0.059675,0.068019,0.062693,6.0873,6.1941,6.2899,6.527,6.712,6.8645,6.9463,7.0431,7.1037,7.1458,7.1985,7.2338,7.2374,7.2135,7.1524
36628,0.059846,0.067889,0.063945,6.1014,6.2058,6.2999,6.5346,6.7201,6.8746,6.9683,7.0773,7.1475,7.197,7.2594,7.3013,7.3073,7.2825,7.2182
36635,0.060092,0.067834,0.06281,6.1227,6.2241,6.3153,6.5422,6.7208,6.8692,6.9453,7.0417,7.103,7.146,7.2002,7.2369,7.2414,7.2178,7.1567
36642,0.060471,0.069092,0.064098,6.1704,6.2803,6.379,6.6235,6.8146,6.9724,7.0583,7.1591,7.2217,7.2647,7.3172,7.3499,7.3475,7.3184,7.2499
36649,0.062288,0.071512,0.068057,6.3597,6.4769,6.5823,6.845,7.0521,7.2244,7.3285,7.4458,7.519,7.5684,7.6261,7.6565,7.6423,7.6007,7.5143
36656,0.063575,0.07236,0.069271,6.4844,6.5982,6.7009,6.9583,7.1629,7.3345,7.4319,7.5495,7.6231,7.6727,7.7297,7.7576,7.7383,7.6923,7.6
36663,0.064497,0.07385,0.070238,6.5832,6.7027,6.8104,7.0792,7.2917,7.4689,7.5632,7.6775,7.7471,7.7927,7.8429,7.8629,7.8344,7.7825,7.6833
36670,0.064738,0.073357,0.069555,6.5995,6.7121,6.8137,7.0684,7.2708,7.4405,7.5224,7.631,7.6976,7.7415,7.7903,7.8103,7.7838,7.7338,7.6375
36677,0.065431,0.073478,0.06736,6.6626,6.7695,6.8657,7.1053,7.2943,7.4517,7.4961,7.5782,7.6255,7.6554,7.6862,7.6939,7.6624,7.6136,7.5218
36684,0.065285,0.07136,0.06437,6.6264,6.7142,6.7935,6.9929,7.1524,7.287,7.2972,7.361,7.3984,7.4227,7.4494,7.459,7.4369,7.3977,7.3197
36691,0.06582,0.069865,0.062737,6.658,6.7268,6.7896,6.9506,7.0833,7.1983,7.1794,7.2312,7.2633,7.2852,7.3111,7.3235,7.3082,7.2751,7.2056
36698,0.065488,0.070083,0.063846,6.6307,6.7048,6.7724,6.9454,7.0875,7.2105,7.2103,7.2741,7.3143,7.3419,7.3747,7.3911,7.3764,7.3417,7.2687
36705,0.065881,0.069771,0.0636,6.6625,6.7302,6.7922,6.9525,7.0861,7.203,7.1932,7.2538,7.2927,7.3199,7.3526,7.3697,7.3562,7.3225,7.2509
36712,0.065793,0.068684,0.061238,6.6426,6.7004,6.7535,6.8915,7.0076,7.1102,7.0731,7.1161,7.1438,7.1634,7.1882,7.2024,7.1928,7.1651,7.1031
36719,0.065619,0.068491,0.062247,6.6251,6.683,6.7364,6.8765,6.9956,7.1018,7.0795,7.1345,7.1714,7.1981,7.2319,7.2527,7.2459,7.2179,7.1538
36726,0.065466,0.069466,0.064237,6.6221,6.6909,6.7541,6.9179,7.055,7.1755,7.1799,7.2508,7.2976,7.3306,7.3712,7.3942,7.3841,7.351,7.2787
36733,0.065571,0.068032,0.062284,6.6158,6.6699,6.7202,6.8534,6.9684,7.0722,7.0508,7.1088,7.1488,7.1781,7.216,7.2405,7.2369,7.2103,7.1475
36740,0.065765,0.067776,0.061797,6.6303,6.6802,6.7268,6.8511,6.9598,7.0587,7.0281,7.0814,7.1186,7.1462,7.1823,7.2061,7.2033,7.1779,7.1171
36747,0.065747,0.066645,0.060343,6.6164,6.6556,6.6928,6.795,6.8877,6.9746,6.9262,6.9708,7.0036,7.0289,7.0638,7.0894,7.092,7.0719,7.0185
36754,0.065653,0.067102,0.06046,6.6129,6.6571,6.6987,6.8105,6.9094,7.0004,6.9554,6.9994,7.0307,7.0544,7.0866,7.1094,7.1093,7.0876,7.0326
36761,0.065779,0.066786,0.059088,6.6206,6.6605,6.6979,6.7991,6.8891,6.9723,6.9086,6.9398,6.9622,6.9796,7.0042,7.0227,7.0227,7.0035,6.9534
36768,0.065685,0.067003,0.060114,6.6147,6.6576,6.698,6.8068,6.9032,6.9921,6.9424,6.9832,7.0124,7.0347,7.0651,7.087,7.087,7.066,7.0123
36775,0.06587,0.065226,0.059709,6.612,6.637,6.6619,6.7364,6.811,6.8857,6.8267,6.8714,6.9073,6.9362,6.9777,7.011,7.0219,7.0071,6.9598
36782,0.066194,0.064636,0.059613,6.6347,6.6513,6.6691,6.7278,6.7921,6.8601,6.7942,6.839,6.8766,6.9074,6.9523,6.9892,7.0036,6.9906,6.9452
36789,0.066352,0.06367,0.06169,6.6386,6.6457,6.6558,6.7,6.7587,6.8264,6.7818,6.8512,6.9097,6.9569,7.0241,7.078,7.1013,7.089,7.0403
36796,0.066603,0.063165,0.060482,6.6555,6.6553,6.659,6.6876,6.7344,6.7927,6.7292,6.7877,6.8392,6.8819,6.9441,6.9957,7.0205,7.0111,6.9672
36803,0.067058,0.062823,0.060881,6.6927,6.6854,6.6831,6.6988,6.738,6.7918,6.7252,6.7867,6.8418,6.8877,6.9546,7.0101,7.0371,7.0281,6.9839
36810,0.067217,0.062484,0.06078,6.7033,6.6915,6.6853,6.6922,6.7257,6.7757,6.705,6.7662,6.8221,6.8689,6.9375,6.9949,7.0238,7.016,6.9729
36817,0.067291,0.06126,0.059701,6.6966,6.6726,6.6557,6.6383,6.655,6.693,6.6073,6.6634,6.7181,6.7651,6.8357,6.8973,6.9329,6.9302,6.8939
36824,0.067227,0.061478,0.058468,6.6931,6.6712,6.656,6.6405,6.6565,6.6922,6.5931,6.6362,6.6804,6.7195,6.7797,6.8339,6.8666,6.8647,6.8315
36831,0.067763,0.061496,0.058903,6.7413,6.715,6.696,6.6724,6.6836,6.7166,6.6137,6.6579,6.7038,6.7442,6.8063,6.8617,6.8941,6.8914,6.8566
36838,0.067724,0.061898,0.060224,6.7423,6.7204,6.7055,6.6924,6.7122,6.7525,6.6663,6.722,6.7756,6.8214,6.8898,6.9483,6.9798,6.9742,6.9343
36845,0.067812,0.061259,0.059067,6.7432,6.7143,6.6931,6.6651,6.6737,6.7054,6.6035,6.6503,6.6986,6.7411,6.8062,6.864,6.8982,6.896,6.8614
36852,0.067898,0.060753,0.058638,6.7454,6.711,6.685,6.6459,6.6471,6.6734,6.5645,6.609,6.6568,6.6994,6.7653,6.8249,6.8618,6.8618,6.8299
36859,0.069053,0.059003,0.05738,6.8299,6.7687,6.7197,6.6278,6.5935,6.5953,6.4507,6.4847,6.5297,6.5724,6.6412,6.7067,6.7524,6.759,6.7357
36866,0.068673,0.055959,0.054103,6.7626,6.676,6.6046,6.4605,6.3895,6.3642,6.1842,6.2031,6.2421,6.2829,6.3539,6.4282,6.4908,6.5121,6.5087
36873,0.068339,0.055825,0.051748,6.7309,6.6453,6.5742,6.4285,6.353,6.3216,6.119,6.1169,6.1398,6.1686,6.2245,6.2893,6.3506,6.3757,6.381
36880,0.068032,0.053384,0.049394,6.6768,6.5707,6.482,6.2952,6.1912,6.1392,5.9112,5.8997,5.9199,5.9488,6.0085,6.0817,6.1574,6.1944,6.2156
36887,0.067532,0.05205,0.051207,6.6177,6.5045,6.4102,6.2138,6.1075,6.0574,5.858,5.8745,5.9178,5.9649,6.0496,6.1425,6.2297,6.2687,6.2877
36894,0.066545,0.049388,0.05202,6.5006,6.3722,6.2653,6.0434,5.9238,5.8682,5.692,5.736,5.8041,5.8717,5.986,6.105,6.212,6.2592,6.2839
36901,0.05992,0.046394,0.052149,5.8747,5.7784,5.6997,5.5447,5.4733,5.4537,5.385,5.4846,5.5909,5.6867,5.8399,5.9927,6.1274,6.1878,6.2242
36908,0.059937,0.047424,0.053164,5.8874,5.8007,5.7303,5.5946,5.5364,5.5263,5.4707,5.5751,5.683,5.7791,5.9309,6.0803,6.209,6.2644,6.2941
36915,0.058337,0.046666,0.056244,5.7363,5.658,5.5958,5.4825,5.4446,5.4532,5.4599,5.6083,5.7487,5.8689,6.0519,6.2235,6.3619,6.416,6.4381
36922,0.056894,0.043915,0.052983,5.577,5.4855,5.4116,5.2705,5.2123,5.2051,5.1931,5.3315,5.4677,5.5867,5.7722,5.9526,6.1081,6.1769,6.2192
36929,0.05637,0.045139,0.054417,5.5435,5.4683,5.4087,5.3005,5.265,5.2742,5.2895,5.4391,5.5805,5.702,5.8885,6.0667,6.2157,6.2786,6.3124
36936,0.055931,0.046117,0.055564,5.5148,5.4529,5.4048,5.3233,5.3063,5.3288,5.3662,5.5248,5.6704,5.7939,5.9814,6.1577,6.3018,6.3599,6.3871
36943,0.056054,0.044725,0.0554,5.5108,5.4351,5.3752,5.2678,5.2348,5.2474,5.2791,5.4425,5.5947,5.7244,5.9219,6.1081,6.2612,6.3241,6.3558
36950,0.05278,0.042095,0.0526,5.189,5.1178,5.0617,4.9622,4.9331,4.9471,4.9956,5.1637,5.3199,5.4537,5.6597,5.8587,6.0306,6.1081,6.1592
36957,0.052847,0.042395,0.052358,5.1981,5.129,5.0746,4.9783,4.9508,4.9652,5.0102,5.1739,5.3263,5.4571,5.6587,5.8542,6.0238,6.1007,6.1517
36964,0.052268,0.041466,0.05242,5.1363,5.0639,5.0069,4.9055,4.8757,4.8895,4.9434,5.1159,5.276,5.413,5.624,5.8278,6.0043,6.0845,6.1384
36971,0.051205,0.038903,0.05187,5.0134,4.9272,4.8584,4.732,4.6874,4.6928,4.754,4.9404,5.1146,5.2641,5.4944,5.7175,5.9119,6.002,6.0661
36978,0.051399,0.039645,0.055446,5.0392,4.9591,4.8963,4.7868,4.7578,4.7779,4.8799,5.097,5.2933,5.4585,5.7073,5.9401,6.1321,6.2138,6.2626
36985,0.051239,0.036896,0.055966,4.9954,4.8918,4.8094,4.6582,4.6051,4.6119,4.7188,4.9562,5.1732,5.3561,5.6315,5.8882,6.0991,6.189,6.2441
36992,0.050523,0.037579,0.058562,4.9389,4.8489,4.7786,4.6572,4.6271,4.6523,4.8031,5.0671,5.3017,5.4967,5.7858,6.0495,6.2586,6.3426,6.387
36999,0.051233,0.038549,0.057691,5.0128,4.925,4.8562,4.7364,4.705,4.7273,4.8574,5.1036,5.3237,5.5075,5.7812,6.0326,6.2338,6.3157,6.36
37006,0.04516,0.036788,0.061048,4.4507,4.4028,4.3696,4.3358,4.3685,4.4408,4.7078,5.032,5.3057,5.5279,5.8513,6.1395,6.3614,6.4469,6.4877
37013,0.044097,0.037973,0.060329,4.3683,4.3406,4.3244,4.3275,4.3825,4.468,4.7454,5.0627,5.327,5.5409,5.8516,6.1292,6.3439,6.4273,6.4676
37020,0.041667,0.03613,0.059148,4.1308,4.1081,4.0961,4.1092,4.1712,4.2616,4.5618,4.8909,5.1644,5.3858,5.7084,5.9986,6.2271,6.3194,6.3701
37027,0.040318,0.037215,0.063601,4.0225,4.0232,4.0324,4.0972,4.1989,4.3214,4.6985,5.0742,5.3786,5.6211,5.9679,6.2707,6.4969,6.5798,6.6133
37034,0.040291,0.038497,0.062592,4.0337,4.046,4.0647,4.149,4.2609,4.3878,4.7552,5.1145,5.4038,5.634,5.9635,6.2522,6.4694,6.5497,6.5828
37041,0.039542,0.038526,0.064315,3.9672,3.9871,4.0128,4.1147,4.2407,4.3796,4.7799,5.1605,5.4647,5.7055,6.048,6.345,6.5641,6.6422,6.6701
37048,0.039069,0.037469,0.061112,3.9131,3.9267,3.9464,4.0321,4.1438,4.2698,4.6378,4.9947,5.2826,5.5123,5.8424,6.1345,6.3585,6.4448,6.4862
37055,0.038784,0.036708,0.061002,3.8795,3.8887,3.9047,3.9826,4.0898,4.2132,4.5833,4.9448,5.2372,5.4708,5.807,6.1048,6.334,6.4231,6.4671
37062,0.03746,0.03512,0.061881,3.744,3.7512,3.7658,3.843,3.9527,4.0803,4.4801,4.8662,5.1785,5.4276,5.7854,6.1011,6.3427,6.4361,6.4824
37069,0.036337,0.036277,0.062265,3.6561,3.6841,3.7166,3.8337,3.9693,4.1141,4.5385,4.929,5.2406,5.4876,5.8407,6.1508,6.3863,6.4761,6.5184
37076,0.03697,0.038711,0.063655,3.7391,3.7839,3.8307,3.9799,4.1362,4.2948,4.7293,5.1174,5.4231,5.6638,6.0053,6.3017,6.5219,6.6016,6.6323
37083,0.036831,0.037013,0.063273,3.7084,3.7389,3.7736,3.8963,4.0363,4.1847,4.6143,5.0082,5.3215,5.5693,5.9223,6.2303,6.4613,6.547,6.5837
37090,0.037344,0.035928,0.059505,3.7421,3.7569,3.7774,3.8648,3.9769,4.1024,4.4768,4.8358,5.1258,5.3577,5.6929,5.9924,6.2272,6.3217,6.3737
37097,0.036672,0.0356,0.060601,3.6786,3.6969,3.7207,3.817,3.937,4.0696,4.4676,4.8431,5.1452,5.3861,5.7328,6.0405,6.2789,6.3732,6.4227
37104,0.036699,0.033494,0.059308,3.6582,3.6567,3.6636,3.7217,3.8168,3.9327,4.3113,4.6847,4.9895,5.2344,5.5895,5.9079,6.1592,6.2621,6.322
37111,0.036473,0.033529,0.058838,3.6383,3.639,3.6477,3.7094,3.8061,3.9225,4.2992,4.669,4.9708,5.2134,5.5654,5.8818,6.1328,6.2365,6.2981
37118,0.035355,0.033468,0.05912,3.5377,3.5481,3.5652,3.6465,3.7566,3.8827,4.2808,4.6602,4.9678,5.2142,5.5708,5.8905,6.1433,6.2473,6.3085
37125,0.03489,0.032851,0.058059,3.4893,3.498,3.5136,3.5906,3.6971,3.8198,4.2117,4.5865,4.8911,5.1357,5.491,5.8117,6.0684,6.1763,6.2432
37132,0.035117,0.031913,0.055455,3.4993,3.4965,3.5018,3.5536,3.6405,3.7475,4.1028,4.4552,4.7452,4.98,5.3248,5.6413,5.9023,6.0174,6.0963
37139,0.034932,0.033443,0.057746,3.4995,3.513,3.5326,3.6179,3.7289,3.8537,4.2421,4.6105,4.9091,5.1488,5.497,5.8117,6.0642,6.1707,6.237
37146,0.034105,0.029923,0.057367,3.3876,3.3766,3.3756,3.4168,3.5018,3.6117,4.003,4.3907,4.7098,4.9676,5.3438,5.6854,5.9618,6.0806,6.1587
37153,0.028244,0.023274,0.058031,2.7923,2.7748,2.7695,2.8077,2.8992,3.0208,3.5028,3.9657,4.3465,4.6537,5.1008,5.5052,5.8318,5.9736,6.071
37160,0.026573,0.020809,0.057699,2.6164,2.5918,2.5808,2.6079,2.6943,2.8145,3.3146,3.7968,4.1948,4.5163,4.9848,5.4093,5.7537,5.9048,6.0112
37167,0.025525,0.019895,0.05541,2.5127,2.4886,2.4778,2.5037,2.5872,2.7034,3.1909,3.6611,4.0506,4.3662,4.8289,5.2527,5.6033,5.762,5.8801
37174,0.024784,0.019479,0.057255,2.4422,2.4218,2.4146,2.451,2.5446,2.6704,3.1913,3.6864,4.0942,4.4235,4.9035,5.3391,5.694,5.851,5.9636
37181,0.024394,0.019949,0.056664,2.4124,2.3996,2.3987,2.4485,2.5496,2.6793,3.2002,3.6892,4.091,4.4152,4.8881,5.3182,5.6701,5.8269,5.9406
37188,0.023524,0.019473,0.056983,2.3296,2.3206,2.3231,2.3814,2.4892,2.6244,3.1621,3.6619,4.0714,4.4014,4.8821,5.3184,5.6745,5.8326,5.9469
37195,0.022815,0.016629,0.0522,2.2351,2.2054,2.1895,2.2037,2.2788,2.3885,2.874,3.3451,3.738,4.0583,4.5317,4.9719,5.346,5.5226,5.664
37202,0.020722,0.01526,0.050614,2.0333,2.0099,1.9994,2.0254,2.1078,2.2219,2.7187,3.1934,3.5887,3.9113,4.3895,4.837,5.222,5.4072,5.56
37209,0.019591,0.019029,0.054502,1.9733,1.9956,2.0246,2.1407,2.2838,2.4405,3.0104,3.5106,3.9157,4.2413,4.7166,5.1518,5.5142,5.6802,5.807
37216,0.019113,0.023718,0.060846,1.9817,2.0529,2.1245,2.3394,2.5517,2.759,3.4225,3.9641,4.3899,4.7258,5.206,5.6313,5.9659,6.106,6.1961
37223,0.018558,0.023883,0.062254,1.9341,2.0123,2.0902,2.3209,2.5454,2.7627,3.4524,4.0104,4.4472,4.7909,5.2802,5.7107,6.0455,6.183,6.268
37230,0.017581,0.022942,0.062367,1.8368,1.9155,1.994,2.2271,2.4544,2.6747,3.3796,3.9492,4.3954,4.7464,5.246,5.6856,6.0275,6.1682,6.256
37237,0.01633,0.021917,0.064834,1.7144,1.7962,1.878,2.1222,2.3615,2.5941,3.3468,3.9534,4.4276,4.7996,5.3265,5.7856,6.1365,6.277,6.3597
37244,0.016433,0.023095,0.065695,1.7363,1.8281,1.9185,2.1819,2.4339,2.6751,3.4387,4.0472,4.5205,4.8907,5.4134,5.8668,6.2104,6.3458,6.4224
37251,0.01598,0.0243,0.068264,1.7092,1.8168,1.9212,2.218,2.4944,2.7544,3.5586,4.1888,4.6752,5.0537,5.5844,6.0394,6.3771,6.505,6.5702
37258,0.015458,0.024018,0.067601,1.6594,1.7691,1.8751,2.1752,2.4532,2.7136,3.5177,4.1459,4.6306,5.0078,5.5375,5.9928,6.3324,6.4624,6.5308
37265,0.015837,0.022205,0.064829,1.6734,1.7623,1.8503,2.108,2.3559,2.5941,3.3552,3.9631,4.437,4.8083,5.3337,5.7913,6.1409,6.2807,6.3629
37272,0.015052,0.019675,0.062329,1.5759,1.6483,1.7221,1.9472,2.1729,2.3953,3.1336,3.7345,4.2073,4.5799,5.111,5.5792,5.9448,6.097,6.1951
37279,0.01515,0.022393,0.064162,1.6141,1.7108,1.8052,2.0768,2.3328,2.5755,3.3399,3.9442,4.414,4.7819,5.3027,5.7571,6.1059,6.2465,6.3307
37286,0.01577,0.023079,0.064069,1.6768,1.774,1.8687,2.1402,2.3952,2.6364,3.3911,3.9873,4.4505,4.8132,5.3265,5.7744,6.1181,6.2565,6.3388
37293,0.016399,0.022232,0.062887,1.7237,1.8071,1.8898,2.1336,2.3696,2.5971,3.3258,3.9111,4.3688,4.7284,5.2397,5.6885,6.0364,6.1791,6.2675
37300,0.016351,0.022833,0.063396,1.726,1.8153,1.9033,2.1588,2.4026,2.6356,3.3723,3.9599,4.4179,4.7772,5.2869,5.7332,6.0776,6.2175,6.3026
37307,0.016496,0.022676,0.061774,1.737,1.8231,1.9079,2.1547,2.3906,2.6163,3.3309,3.9023,4.3488,4.6999,5.1998,5.6406,5.9851,6.1282,6.2192
37314,0.016734,0.022826,0.060191,1.7596,1.8444,1.9277,2.1692,2.3992,2.6187,3.3107,3.8642,4.2973,4.6386,5.1263,5.5592,5.9018,6.0469,6.143
37321,0.016191,0.025256,0.06245,1.7376,1.85,1.9571,2.253,2.5194,2.7643,3.4969,4.0634,4.5004,4.8419,5.3258,5.7499,6.0783,6.2124,6.294
37328,0.016047,0.028733,0.064915,1.7624,1.9083,2.0443,2.4048,2.7138,2.9876,3.7588,4.3325,4.7676,5.1042,5.5763,5.984,6.2915,6.4109,6.4746
37335,0.015212,0.030987,0.066356,1.7123,1.8868,2.0471,2.4625,2.8075,3.1057,3.9118,4.4929,4.9277,5.2616,5.7266,6.1242,6.4189,6.5295,6.5828
37342,0.015261,0.03214,0.064478,1.7288,1.9126,2.0805,2.5097,2.8599,3.1583,3.9431,4.4994,4.9132,5.2308,5.6737,6.0547,6.3408,6.4507,6.5067
37349,0.015385,0.031453,0.062942,1.7323,1.9083,2.0691,2.4815,2.8191,3.1076,3.8707,4.4146,4.8207,5.1333,5.5713,5.951,6.2405,6.3548,6.4178
37356,0.015161,0.02975,0.063016,1.694,1.8567,2.0064,2.3951,2.719,2.9997,3.7642,4.319,4.7364,5.0588,5.5117,5.905,6.2058,6.3254,6.393
37363,0.015378,0.028898,0.063134,1.7042,1.8572,1.9988,2.37,2.6834,2.9579,3.7187,4.2778,4.7005,5.0278,5.488,5.888,6.1942,6.3161,6.3856
37370,0.015517,0.027593,0.061018,1.7024,1.8417,1.9712,2.314,2.6069,2.866,3.5967,4.1407,4.5551,4.8774,5.3338,5.7351,6.0483,6.1778,6.258
37377,0.015639,0.026359,0.059986,1.6999,1.8266,1.9452,2.2635,2.54,2.7877,3.5016,4.0411,4.4548,4.7779,5.2373,5.6436,5.9643,6.0992,6.1865
37384,0.015235,0.02641,0.063197,1.6647,1.7966,1.9205,2.2538,2.5449,2.8065,3.5657,4.1391,4.5775,4.9186,5.3998,5.8195,6.1418,6.2715,6.3478
37391,0.015593,0.026847,0.062995,1.7014,1.8339,1.9581,2.2917,2.5822,2.8428,3.5946,4.1617,4.595,4.932,5.4076,5.8226,6.1416,6.2701,6.3457
37398,0.015742,0.025412,0.061276,1.699,1.8166,1.9279,2.2317,2.5016,2.7473,3.4733,4.0299,4.4585,4.7936,5.2692,5.6879,6.0153,6.151,6.2364
37405,0.015931,0.025365,0.060142,1.7153,1.8304,1.9392,2.2364,2.5003,2.7405,3.4497,3.9942,4.4141,4.7429,5.2109,5.6252,5.952,6.0897,6.1791
37412,0.01601,0.024743,0.060532,1.7157,1.8245,1.9282,2.2147,2.4728,2.7101,3.4215,3.9727,4.399,4.7331,5.2087,5.6292,5.9602,6.0992,6.1889
37419,0.016127,0.023691,0.059792,1.7147,1.8127,1.9072,2.1728,2.4172,2.6452,3.3438,3.8924,4.3191,4.6546,5.1337,5.5591,5.8966,6.04,6.1353
37426,0.016705,0.02097,0.057241,1.7368,1.8041,1.872,2.0774,2.2814,2.4812,3.1343,3.6684,4.0907,4.4258,4.9091,5.3444,5.698,5.8542,5.9663
37433,0.016732,0.019788,0.057823,1.7266,1.7831,1.8422,2.0292,2.2231,2.4179,3.0752,3.6211,4.0547,4.3994,4.8963,5.3431,5.7046,5.8635,5.9768
37440,0.017087,0.019212,0.05841,1.7522,1.8004,1.8526,2.0251,2.211,2.4016,3.0591,3.6117,4.0522,4.4025,4.9074,5.3606,5.7257,5.8852,5.9978
37447,0.017625,0.017625,0.056245,1.7828,1.8111,1.8459,1.9783,2.1363,2.3068,2.9262,3.4625,3.8948,4.2409,4.7434,5.1994,5.5736,5.7419,5.8668
37454,0.017681,0.01724,0.058085,1.7839,1.8088,1.8411,1.9703,2.1292,2.303,2.943,3.4993,3.9474,4.3055,4.8234,5.2897,5.667,5.8331,5.9522
37461,0.017994,0.014073,0.056793,1.7776,1.7706,1.7758,1.8451,1.9663,2.1158,2.7285,3.2867,3.7433,4.1109,4.6459,5.1313,5.5286,5.7069,5.8397
37468,0.018486,0.013807,0.056625,1.8187,1.8047,1.8039,1.8596,1.9719,2.1154,2.7177,3.2728,3.7283,4.0956,4.6307,5.1167,5.5153,5.6945,5.8285
37475,0.018707,0.010067,0.055332,1.7981,1.7479,1.7163,1.7046,1.7749,1.892,2.4668,3.0274,3.4953,3.8753,4.4325,4.9424,5.365,5.5585,5.7081
37482,0.018178,0.010941,0.051388,1.7598,1.721,1.6983,1.7017,1.7753,1.8889,2.4263,2.9462,3.3808,3.7354,4.26,4.7481,5.1648,5.3637,5.5269
37489,0.018479,0.011968,0.051268,1.7976,1.7654,1.748,1.7623,1.8418,1.9582,2.4916,3.0031,3.4297,3.7777,4.2922,4.7714,5.1809,5.3765,5.5372
37496,0.018817,0.01278,0.050702,1.8365,1.8083,1.7942,1.8143,1.8959,2.0122,2.5351,3.0348,3.4512,3.7911,4.2943,4.7643,5.1679,5.362,5.5225
37503,0.018945,0.010723,0.047397,1.8254,1.7764,1.744,1.7212,1.7723,1.8658,2.342,2.8188,3.2225,3.5551,4.053,4.5258,4.9425,5.15,5.3306
37510,0.018843,0.012877,0.04823,1.8396,1.8112,1.7964,1.8122,1.8873,1.9961,2.4888,2.9632,3.3604,3.6861,4.1718,4.631,5.0335,5.2323,5.4029
37517,0.018987,0.0122,0.044933,1.8448,1.8079,1.7852,1.7802,1.8378,1.9311,2.3801,2.8242,3.2004,3.5113,3.9799,4.4309,4.8372,5.0452,5.2322
37524,0.018869,0.011379,0.044804,1.8254,1.7821,1.754,1.7376,1.7884,1.8778,2.3253,2.7731,3.1536,3.4685,3.9434,4.4006,4.8125,5.0236,5.2137
37531,0.019283,0.0089324,0.044408,1.836,1.7667,1.7166,1.6522,1.6737,1.7452,2.1757,2.6301,3.0212,3.3464,3.8384,4.3129,4.741,4.9608,5.1598
37538,0.019577,0.0086978,0.043878,1.8597,1.7854,1.7309,1.6563,1.6705,1.7366,2.1555,2.6041,2.9917,3.3148,3.8047,4.2785,4.7078,4.9294,5.1314
37545,0.01928,0.011735,0.049025,1.8665,1.824,1.7974,1.7886,1.8499,1.9514,2.4443,2.93,3.3388,3.6743,4.1741,4.645,5.0548,5.2554,5.4258
37552,0.019036,0.012596,0.052477,1.8543,1.823,1.8066,1.8237,1.906,2.0251,2.5657,3.0827,3.5129,3.8631,4.3795,4.8577,5.2627,5.4536,5.6073
37559,0.018937,0.0072837,0.04989,1.788,1.7088,1.6516,1.5788,1.6045,1.6872,2.1861,2.7058,3.1491,3.5141,4.0578,4.5677,5.0078,5.2213,5.4011
37566,0.017786,0.0073565,0.050167,1.6861,1.6182,1.5709,1.5206,1.5615,1.6549,2.1756,2.7044,3.1526,3.5208,4.0679,4.58,5.0208,5.234,5.413
37573,0.015225,0.007375,0.046939,1.4573,1.4122,1.3838,1.3729,1.4353,1.5395,2.0617,2.5731,3.0045,3.3592,3.8894,4.3922,4.8353,5.0566,5.2507
37580,0.0144,0.0099024,0.048838,1.4111,1.397,1.3952,1.4441,1.5457,1.6764,2.2406,2.7624,3.1952,3.548,4.0714,4.5629,4.9901,5.1995,5.3782
37587,0.013774,0.011405,0.052153,1.3718,1.3781,1.3943,1.486,1.6187,1.7732,2.391,2.9416,3.3919,3.7558,4.2901,4.7839,5.2022,5.4002,5.5609
37594,0.014223,0.010776,0.050492,1.4048,1.4008,1.4078,1.4777,1.5944,1.7365,2.3256,2.8603,3.3007,3.6581,4.1857,4.6771,5.0989,5.3021,5.4714
37601,0.014496,0.0094619,0.048241,1.4148,1.3957,1.3895,1.4282,1.5228,1.6485,2.2029,2.7205,3.1512,3.5029,4.0258,4.5183,4.9482,5.1603,5.3429
37608,0.014889,0.0080796,0.048839,1.4352,1.4001,1.3806,1.3913,1.4698,1.5866,2.1388,2.6674,3.1098,3.4717,4.0094,4.5146,4.9535,5.1686,5.3525
37615,0.015107,0.0072609,0.047677,1.4456,1.4008,1.3728,1.3638,1.4287,1.5356,2.0684,2.5884,3.0264,3.386,3.9224,4.4292,4.8732,5.0933,5.2846
37622,0.015281,0.0057484,0.0455,1.4447,1.3839,1.342,1.3007,1.343,1.4334,1.9334,2.4387,2.869,3.2246,3.7587,4.2686,4.7225,4.9523,5.1576
37629,0.01488,0.0070752,0.048616,1.4235,1.3794,1.3523,1.3464,1.4149,1.5256,2.073,2.6047,3.0515,3.4176,3.9623,4.4746,4.9203,5.1391,5.3268
37636,0.0147,0.0069538,0.04943,1.4062,1.363,1.3368,1.3339,1.4057,1.5199,2.0797,2.6212,3.0753,3.4469,3.9985,4.5152,4.9619,5.1794,5.3641
37643,0.014872,0.0059571,0.047652,1.4107,1.3562,1.3202,1.2943,1.3496,1.4514,1.9845,2.5125,2.9589,3.3259,3.8735,4.3909,4.8439,5.0685,5.2637
37650,0.01437,0.0066726,0.049157,1.3737,1.3308,1.305,1.303,1.3753,1.4898,2.0509,2.5931,3.0478,3.42,3.9727,4.4911,4.94,5.1592,5.346
37657,0.014356,0.006775,0.048618,1.3735,1.3316,1.3063,1.305,1.377,1.4904,2.0454,2.5817,3.0319,3.4006,3.9488,4.4643,4.9124,5.1325,5.3213
37664,0.01471,0.005534,0.047428,1.3916,1.3348,1.2968,1.2665,1.3191,1.4192,1.9512,2.4802,2.9279,3.2962,3.8462,4.3663,4.8223,5.0488,5.2464
37671,0.014825,0.005449,0.046485,1.4008,1.3419,1.3018,1.2661,1.3138,1.4095,1.928,2.4474,2.8882,3.2516,3.7958,4.3126,4.7691,4.9979,5.1998
37678,0.014958,0.0051094,0.044613,1.4089,1.3451,1.3005,1.2527,1.2903,1.3772,1.87,2.3717,2.8001,3.1548,3.689,4.2009,4.6595,4.8935,5.1049
37685,0.015145,0.0040539,0.042636,1.4139,1.3382,1.2832,1.2107,1.2306,1.304,1.7673,2.2537,2.6731,3.0224,3.5517,4.064,4.5295,4.7715,4.9951
37692,0.014143,0.0036319,0.042348,1.3199,1.2496,1.1992,1.1374,1.1644,1.243,1.7175,2.2092,2.6319,2.9836,3.5165,4.0324,4.5019,4.7464,4.9731
37699,0.01373,0.0066476,0.048099,1.3162,1.2787,1.2572,1.264,1.3408,1.457,2.0153,2.5508,2.9996,3.3672,3.9143,4.4296,4.8792,5.1011,5.2929
37706,0.014061,0.0057451,0.04792,1.336,1.2873,1.2563,1.2422,1.3059,1.414,1.9627,2.4993,2.9513,3.3223,3.8751,4.3963,4.8517,5.0767,5.2718
37713,0.014211,0.0045697,0.04816,1.3368,1.2761,1.2351,1.1999,1.2515,1.3528,1.8993,2.4436,2.9041,3.2825,3.8466,4.3779,4.8409,5.0692,5.2666
37720,0.014522,0.0040645,0.047394,1.359,1.2907,1.243,1.1924,1.2333,1.3269,1.858,2.3954,2.8524,3.2289,3.7914,4.3232,4.7894,5.0208,5.2229
37727,0.014632,0.005811,0.04721,1.3876,1.3339,1.2985,1.2736,1.3292,1.4307,1.9619,2.4877,2.9323,3.2981,3.8444,4.3615,4.8158,5.0419,5.2397
37734,0.014355,0.0061058,0.047092,1.366,1.3176,1.2865,1.2711,1.3324,1.4374,1.9723,2.4969,2.9397,3.3037,3.8473,4.362,4.8146,5.0401,5.2376
37741,0.014762,0.0043323,0.044759,1.383,1.314,1.2652,1.2087,1.2418,1.3266,1.8224,2.3309,2.7657,3.1258,3.6679,4.1869,4.6509,4.8873,5.1003
37748,0.015076,0.0024556,0.042529,1.3906,1.3011,1.2344,1.1372,1.1426,1.2078,1.6669,2.1611,2.5897,2.9472,3.4895,4.0142,4.4907,4.7382,4.9671
37755,0.015183,0.0029134,0.039334,1.4047,1.3173,1.2517,1.153,1.1523,1.209,1.6286,2.0878,2.4892,2.8264,3.3428,3.851,4.3244,4.578,4.8208
37762,0.014954,0.0026548,0.037274,1.3812,1.2929,1.2262,1.1229,1.1167,1.1674,1.5649,2.0062,2.3943,2.7218,3.2269,3.7292,4.2048,4.4644,4.7183
37769,0.015249,0.0024123,0.037728,1.405,1.3119,1.2412,1.1297,1.119,1.1674,1.5652,2.0106,2.4027,2.7337,3.2433,3.749,4.2259,4.485,4.7372
37776,0.015412,0.0010516,0.036433,1.4049,1.2976,1.2146,1.0754,1.0463,1.0821,1.4582,1.8969,2.287,2.6179,3.13,3.6413,4.1275,4.3943,4.6571
37783,0.014331,0.00044078,0.03502,1.3016,1.1984,1.1188,0.98618,0.96032,0.99733,1.3717,1.8058,2.1921,2.5204,3.0301,3.5422,4.034,4.307,4.5794
37790,0.012851,0.0015959,0.037525,1.1822,1.1039,1.046,0.96423,0.97401,1.0371,1.4684,1.93,2.3325,2.671,3.1909,3.7057,4.1908,4.4544,4.7112
37797,0.011823,0.0016183,0.038422,1.0908,1.0225,0.97345,0.91254,0.93739,1.0119,1.4703,1.9468,2.359,2.704,3.2319,3.7516,4.2375,4.4993,4.752
37804,0.012961,0.0023481,0.040062,1.2005,1.1287,1.0769,1.0107,1.0334,1.1076,1.5699,2.0523,2.4691,2.8172,3.3478,3.8666,4.3461,4.6009,4.8429
37811,0.012911,0.0024189,0.042853,1.1971,1.1273,1.0778,1.0198,1.0517,1.1354,1.6327,2.1429,2.5804,2.9437,3.4927,4.022,4.501,4.749,4.9774
37818,0.012613,0.0030167,0.047043,1.1774,1.1171,1.0766,1.0427,1.0956,1.1981,1.7526,2.3032,2.7695,3.153,3.7257,4.2672,4.7424,4.979,5.1865
37825,0.012453,0.0030402,0.050882,1.1638,1.1065,1.0693,1.0471,1.113,1.229,1.8328,2.4225,2.9178,3.3225,3.921,4.4774,4.9526,5.1808,5.3716
37832,0.012165,0.0040285,0.055751,1.1493,1.1051,1.0801,1.0896,1.1821,1.3211,1.991,2.6256,3.152,3.5783,4.2014,4.7692,5.2384,5.4534,5.6213
37839,0.012076,0.0056524,0.055254,1.1587,1.1299,1.1175,1.1537,1.2612,1.4081,2.0773,2.6988,3.212,3.6269,4.2333,4.7866,5.2452,5.4561,5.6214
37846,0.011758,0.0055872,0.060592,1.1303,1.1055,1.0978,1.1504,1.2762,1.4422,2.1811,2.8578,3.4119,3.8567,4.4993,5.0741,5.5339,5.7347,5.8796
37853,0.011812,0.005598,0.057874,1.1349,1.1089,1.0995,1.1453,1.2629,1.4199,2.1249,2.7743,3.3081,3.738,4.3626,4.9268,5.3862,5.5922,5.7474
37860,0.011112,0.0080865,0.059104,1.0994,1.1026,1.1182,1.2195,1.3723,1.5525,2.2893,2.9419,3.4717,3.896,4.5093,5.0599,5.504,5.7001,5.8439
37867,0.010958,0.0086797,0.059878,1.092,1.1023,1.124,1.2393,1.4018,1.5889,2.339,2.9969,3.5294,3.9549,4.5687,5.1179,5.5584,5.7513,5.8906
37874,0.011991,0.0050374,0.054747,1.1445,1.1107,1.0942,1.1209,1.2221,1.3648,2.0277,2.6479,3.1613,3.577,4.1853,4.7416,5.2043,5.4182,5.5873
37881,0.012311,0.0045148,0.05262,1.1672,1.125,1.1009,1.1088,1.1953,1.3259,1.9566,2.5566,3.0563,3.4627,4.0606,4.6124,5.078,5.2978,5.4771
37888,0.012259,0.004929,0.051218,1.1669,1.1285,1.1072,1.1197,1.2066,1.3354,1.9509,2.5351,3.022,3.4185,4.0038,4.5469,5.0098,5.2313,5.4152
37895,0.012612,0.0036688,0.048881,1.1845,1.1308,1.096,1.0767,1.141,1.2528,1.8312,2.3967,2.8727,3.2628,3.8423,4.3858,4.8566,5.087,5.2846
37902,0.012245,0.0051336,0.052977,1.168,1.1321,1.1134,1.1332,1.2273,1.3629,2.0005,2.6011,3.1,3.5051,4.1003,4.6487,5.1103,5.3275,5.5035
37909,0.011872,0.0061937,0.055634,1.1464,1.1244,1.118,1.1674,1.2835,1.4362,2.1145,2.7381,3.2514,3.6659,4.2706,4.8215,5.2767,5.4852,5.6476
37916,0.011713,0.0078914,0.052583,1.1501,1.1439,1.1501,1.2231,1.3484,1.502,2.1497,2.735,3.2157,3.6046,4.1751,4.7011,5.1449,5.3543,5.5243
37923,0.011486,0.0077109,0.052857,1.1279,1.1223,1.1291,1.2039,1.331,1.4863,2.1405,2.7308,3.2153,3.607,4.1813,4.7101,5.1554,5.365,5.5344
37930,0.01125,0.0091452,0.05345,1.1224,1.132,1.1518,1.2553,1.4005,1.5673,2.2358,2.8258,3.3068,3.6944,4.2611,4.7813,5.2174,5.4213,5.5843
37937,0.010965,0.010563,0.05375,1.1122,1.1374,1.1703,1.3025,1.4653,1.6432,2.3231,2.9102,3.3857,3.7677,4.3252,4.8358,5.2629,5.4618,5.6197
37944,0.011214,0.0088429,0.05148,1.1157,1.1223,1.1391,1.2341,1.3712,1.5305,2.1749,2.7471,3.2153,3.5938,4.15,4.6648,5.1028,5.3116,5.4837
37951,0.011038,0.0097846,0.051129,1.1101,1.1267,1.1519,1.2644,1.4115,1.5762,2.2214,2.7862,3.2465,3.6183,4.1646,4.6709,5.1027,5.3093,5.4802
37958,0.010879,0.011545,0.052865,1.115,1.1495,1.1901,1.3377,1.5084,1.6894,2.3622,2.9359,3.3991,3.7711,4.3146,4.8142,5.2348,5.4323,5.591
37965,0.011199,0.009787,0.052078,1.1245,1.14,1.1644,1.2761,1.4241,1.5905,2.2446,2.8179,3.2849,3.6616,4.2139,4.7237,5.1555,5.3601,5.5269
37972,0.011461,0.0084752,0.050258,1.1336,1.1342,1.1457,1.2276,1.3548,1.5062,2.1311,2.6916,3.1521,3.5256,4.0762,4.5887,5.0287,5.2412,5.4193
37979,0.011393,0.0089543,0.050365,1.1327,1.1384,1.1541,1.2451,1.378,1.5329,2.1612,2.7207,3.1793,3.5508,4.0983,4.6076,5.0445,5.2552,5.4315
37986,0.011141,0.0088436,0.051251,1.1091,1.1164,1.1337,1.2294,1.3668,1.5259,2.1688,2.7391,3.2057,3.5832,4.1379,4.652,5.09,5.2993,5.4724
37993,0.011065,0.0087366,0.051073,1.1012,1.1081,1.1251,1.2201,1.3569,1.5155,2.1571,2.7267,3.1929,3.57,4.1246,4.6389,5.0777,5.2878,5.4619
38000,0.011431,0.0066799,0.047706,1.1113,1.0953,1.0921,1.14,1.2434,1.3773,1.9674,2.5122,2.9645,3.3338,3.8824,4.3991,4.8509,5.0747,5.2691
38007,0.011371,0.0071702,0.047592,1.1113,1.1001,1.1011,1.1577,1.2662,1.4028,1.9936,2.535,2.9837,3.3498,3.8936,4.406,4.8546,5.077,5.2706
38014,0.010806,0.0086266,0.050239,1.0768,1.0848,1.1027,1.1987,1.3352,1.4927,2.128,2.6914,3.1527,3.5264,4.0768,4.589,5.0287,5.2411,5.4191
38021,0.010999,0.0085059,0.049194,1.0926,1.0974,1.1123,1.2007,1.3307,1.4827,2.102,2.6544,3.1081,3.4763,4.0204,4.5292,4.9693,5.1842,5.367
38028,0.011172,0.0082744,0.047763,1.1053,1.1061,1.1171,1.1955,1.3172,1.462,2.0606,2.599,3.0429,3.4043,3.9403,4.445,4.8864,5.105,5.2946
38035,0.011171,0.0074784,0.047796,1.0968,1.0903,1.0953,1.161,1.2753,1.4159,2.013,2.556,3.0049,3.3708,3.9138,4.4249,4.8716,5.0927,5.2845
38042,0.011296,0.0071682,0.047733,1.1046,1.0941,1.0958,1.1541,1.2637,1.4015,1.9952,2.5384,2.9884,3.3554,3.9003,4.4134,4.8621,5.0843,5.2772
38049,0.011157,0.0080565,0.048198,1.1018,1.1008,1.1105,1.1866,1.3076,1.4527,2.0564,2.6004,3.0489,3.4138,3.9547,4.4628,4.9057,5.1241,5.3124
38056,0.011634,0.005922,0.043307,1.1208,1.0946,1.082,1.1044,1.1857,1.3,1.8315,2.3352,2.7586,3.1074,3.6323,4.1372,4.5938,4.8297,5.0462
38063,0.011723,0.0058336,0.042503,1.1277,1.0996,1.0852,1.1028,1.18,1.2905,1.8107,2.3063,2.7239,3.0686,3.5886,4.0909,4.5479,4.786,5.0064
38070,0.011773,0.0057555,0.042421,1.1313,1.102,1.0866,1.1019,1.1775,1.287,1.8051,2.3,2.7173,3.0619,3.5819,4.0845,4.542,4.7805,5.0015
38077,0.011578,0.0065464,0.044477,1.1226,1.1029,1.0961,1.1321,1.2233,1.3451,1.8933,2.4057,2.8342,3.1861,3.7138,4.2185,4.6709,4.9022,5.1114
38084,0.011003,0.0093359,0.04923,1.1019,1.1142,1.1354,1.2371,1.375,1.5315,2.1531,2.7016,3.1505,3.5144,4.0518,4.5541,4.9887,5.2008,5.381
38091,0.010327,0.01141,0.052645,1.0642,1.1026,1.1465,1.3013,1.4767,1.6608,2.3394,2.9148,3.3787,3.7513,4.2955,4.796,5.218,5.4167,5.5769
38098,0.010045,0.013383,0.053417,1.0604,1.1194,1.1808,1.3743,1.5739,1.7736,2.4704,3.0448,3.5034,3.87,4.4035,4.892,5.3014,5.4924,5.6439
38105,0.0095288,0.014938,0.054335,1.0311,1.1092,1.187,1.4169,1.6401,1.8554,2.575,3.1534,3.611,3.9751,4.5027,4.9835,5.3834,5.5678,5.7114
38112,0.0093741,0.015672,0.056187,1.0254,1.1122,1.1976,1.4462,1.6835,1.91,2.6562,3.25,3.7175,4.0879,4.6222,5.1049,5.5005,5.6792,5.8135
38119,0.009055,0.019024,0.058701,1.0333,1.154,1.2686,1.5827,1.863,2.1187,2.9075,3.5106,3.9776,4.3443,4.8682,5.3353,5.7102,5.8737,5.9892
38126,0.0090148,0.019749,0.057681,1.0374,1.1647,1.2846,1.6089,1.8937,2.1505,2.9292,3.5186,3.9738,4.3311,4.8423,5.2997,5.6695,5.8326,5.9499
38133,0.009357,0.01969,0.055542,1.067,1.1899,1.3056,1.6182,1.8922,2.1391,2.8863,3.4529,3.8914,4.2368,4.7335,5.1823,5.5514,5.7184,5.8438
38140,0.0094017,0.020983,0.05618,1.085,1.2193,1.3448,1.6789,1.9666,2.2223,2.9793,3.5452,3.9806,4.3225,4.8127,5.2539,5.6147,5.7764,5.8957
38147,0.0099133,0.022637,0.056403,1.1484,1.2931,1.4271,1.7793,2.0775,2.3391,3.094,3.6505,4.0763,4.4096,4.8866,5.3152,5.6646,5.8204,5.9339
38154,0.010753,0.02378,0.054529,1.2354,1.382,1.5171,1.8688,2.1626,2.4178,3.139,3.6661,4.0686,4.384,4.8373,5.2481,5.5884,5.7435,5.8604
38161,0.011177,0.024009,0.053831,1.2757,1.4202,1.5534,1.8996,2.1886,2.4394,3.1459,3.6623,4.057,4.3667,4.8125,5.2181,5.5561,5.7115,5.8303
38168,0.012087,0.023791,0.0516,1.3543,1.4877,1.6109,1.9324,2.2021,2.4371,3.1017,3.5918,3.9684,4.2654,4.6961,5.0928,5.4304,5.5903,5.718
38175,0.012248,0.021618,0.050439,1.3451,1.4571,1.562,1.8428,2.0863,2.3042,2.9476,3.4366,3.817,4.119,4.5595,4.9683,5.3198,5.4889,5.6276
38182,0.01258,0.021943,0.05054,1.3783,1.4902,1.5949,1.8753,2.1183,2.3355,2.9756,3.4619,3.8402,4.1405,4.5783,4.9845,5.3334,5.5011,5.6383
38189,0.01286,0.023145,0.049919,1.4161,1.5361,1.6474,1.9409,2.1904,2.4101,3.0407,3.513,3.8786,4.1685,4.5915,4.9852,5.3257,5.4905,5.6265
38196,0.013104,0.024216,0.05138,1.4495,1.5774,1.6956,2.0054,2.2665,2.4949,3.1414,3.6213,3.9907,4.2825,4.7061,5.0972,5.4308,5.5892,5.7161
38203,0.01385,0.022451,0.049382,1.4969,1.6014,1.6993,1.9626,2.1922,2.3982,3.005,3.4698,3.8327,4.1216,4.5448,4.9404,5.2842,5.4519,5.5917
38210,0.014812,0.02053,0.047436,1.5619,1.6395,1.7143,1.9249,2.119,2.3003,2.8642,3.314,3.6709,3.9578,4.3818,4.783,5.1381,5.3154,5.4687
38217,0.015359,0.019498,0.04671,1.5996,1.6625,1.7248,1.9073,2.0828,2.2516,2.7958,3.2406,3.5967,3.8842,4.3108,4.7164,5.0776,5.2595,5.4187
38224,0.015716,0.020187,0.046771,1.6388,1.7048,1.7695,1.9569,2.135,2.3049,2.8456,3.2853,3.6367,3.9201,4.3407,4.7406,5.0968,5.2762,5.4328
38231,0.01638,0.019192,0.044637,1.6871,1.7373,1.7882,1.9428,2.0973,2.2495,2.7517,3.1714,3.5107,3.7866,4.1995,4.5975,4.9591,5.1458,5.3144
38238,0.016955,0.020858,0.044373,1.7564,1.8162,1.8751,2.0458,2.2088,2.3647,2.8579,3.263,3.5886,3.853,4.249,4.6318,4.9814,5.1629,5.3274
38245,0.017306,0.020285,0.044502,1.7815,1.833,1.8848,2.0403,2.1939,2.3442,2.8322,3.2395,3.5686,3.8361,4.2372,4.6245,4.9777,5.1606,5.3261
38252,0.018029,0.020488,0.040989,1.8479,1.8934,1.9393,2.0774,2.2143,2.3485,2.7829,3.1498,3.449,3.6946,4.0682,4.4381,4.7881,4.9775,5.1578
38259,0.017966,0.022183,0.041888,1.8606,1.9223,1.982,2.1507,2.3073,2.4544,2.9041,3.2716,3.5675,3.8091,4.1748,4.5351,4.8738,5.0556,5.2267
38266,0.017944,0.023194,0.044113,1.8698,1.9416,2.0102,2.2007,2.3736,2.5337,3.0128,3.3973,3.7041,3.9527,4.3254,4.6871,5.0196,5.1934,5.3515
38273,0.018832,0.02115,0.041981,1.9269,1.9713,2.0163,2.1529,2.2895,2.4241,2.8589,3.2277,3.528,3.7742,4.1476,4.5152,4.8601,5.0447,5.2181
38280,0.01924,0.021189,0.04041,1.9635,2.0041,2.0454,2.1719,2.2995,2.4259,2.8353,3.1857,3.4727,3.7092,4.0705,4.4306,4.7743,4.962,5.1423
38287,0.019547,0.021918,0.041608,1.9989,2.0436,2.0886,2.2241,2.3585,2.4903,2.9108,3.2676,3.5584,3.7972,4.16,4.519,4.8577,5.0401,5.2126
38294,0.020657,0.022492,0.041146,2.1041,2.1437,2.184,2.308,2.4334,2.5579,2.9562,3.2989,3.5795,3.8107,4.1633,4.5141,4.8475,5.0285,5.2008
38301,0.020828,0.025235,0.042765,2.1491,2.2124,2.2731,2.4423,2.5968,2.7405,3.1611,3.5048,3.7807,4.0057,4.3463,4.6819,4.9969,5.1651,5.3217
38308,0.021238,0.02626,0.040268,2.1965,2.2645,2.3284,2.5015,2.6539,2.792,3.1779,3.4889,3.7385,3.9434,4.2571,4.5731,4.8797,5.0495,5.214
38315,0.021186,0.028457,0.039659,2.2153,2.3035,2.3843,2.5928,2.7654,2.9144,3.298,3.5918,3.8239,4.0135,4.3046,4.6005,4.8918,5.0555,5.2159
38322,0.021965,0.028198,0.04261,2.2825,2.3621,2.4363,2.6332,2.8025,2.9532,3.3594,3.6796,3.9333,4.1395,4.4519,4.7615,5.055,5.213,5.3607
38329,0.023023,0.027082,0.039054,2.3646,2.4232,2.4788,2.6307,2.7664,2.8907,3.2348,3.519,3.7493,3.9397,4.2345,4.536,4.8346,5.0032,5.1699
38336,0.023393,0.027995,0.037523,2.4072,2.4703,2.5291,2.686,2.8217,2.9433,3.2647,3.5266,3.7387,3.9149,4.1905,4.4775,4.7687,4.9374,5.1081
38343,0.023386,0.029189,0.039102,2.4197,2.4941,2.5629,2.7429,2.8948,3.0283,3.3711,3.6427,3.8597,4.0384,4.3151,4.5995,4.8831,5.0443,5.204
38350,0.023297,0.029773,0.041186,2.4183,2.4995,2.5744,2.7701,2.9348,3.0791,3.4496,3.7396,3.9692,4.1566,4.4433,4.7322,5.0128,5.1678,5.3163
38357,0.023188,0.031105,0.039917,2.4227,2.5165,2.6018,2.8185,2.9938,3.1424,3.5019,3.7729,3.9853,4.1586,4.4254,4.6983,4.9692,5.1223,5.2725
38364,0.023422,0.032109,0.03834,2.4542,2.5545,2.6448,2.8703,3.0481,3.1954,3.5339,3.7826,3.9762,4.1349,4.3816,4.6391,4.9021,5.055,5.2091
38371,0.023695,0.032988,0.03633,2.4878,2.5929,2.6868,2.9173,3.0946,3.2383,3.5498,3.7722,3.9445,4.0865,4.311,4.5522,4.8078,4.9618,5.1223
38378,0.02408,0.033241,0.036347,2.5249,2.6288,2.7216,2.9495,3.1248,3.2668,3.5727,3.7917,3.9615,4.1016,4.3234,4.562,4.8155,4.9683,5.1278
38385,0.024268,0.034235,0.035174,2.5523,2.6631,2.7614,2.9996,3.179,3.3213,3.6119,3.8129,3.9673,4.095,4.2997,4.5248,4.7705,4.9223,5.0841
38392,0.024522,0.034591,0.031658,2.5784,2.6889,2.7862,3.018,3.1876,3.3186,3.5632,3.7256,3.8503,3.9557,4.1316,4.3375,4.5788,4.7369,4.9145
38399,0.024285,0.036261,0.03373,2.5754,2.7039,2.8168,3.0848,3.2796,3.4288,3.7053,3.8813,4.0125,4.1212,4.2984,4.5006,4.7314,4.8792,5.0415
38406,0.02479,0.036824,0.035632,2.6268,2.7564,2.8706,3.143,3.3429,3.4975,3.7897,3.9789,4.1199,4.2354,4.4205,4.6261,4.8534,4.9949,5.1461
38413,0.025338,0.037879,0.037632,2.6874,2.8222,2.9411,3.2256,3.4351,3.5978,3.9071,4.1078,4.2561,4.3763,4.5658,4.7712,4.9916,5.1251,5.2634
38420,0.025651,0.038406,0.040023,2.7213,2.8588,2.9804,3.2733,3.4913,3.6623,3.9962,4.2163,4.3787,4.5091,4.7107,4.9222,5.1401,5.2668,5.3926
38427,0.026227,0.039555,0.03977,2.7851,2.9276,3.0534,3.3544,3.5762,3.7484,4.0719,4.2801,4.4321,4.554,4.743,4.9433,5.1524,5.2754,5.3985
38434,0.026318,0.041252,0.040483,2.8115,2.9688,3.1072,3.4361,3.6756,3.8593,4.1927,4.3989,4.546,4.6626,4.8424,5.0323,5.2301,5.3458,5.4604
38441,0.026364,0.041753,0.039605,2.821,2.9821,3.1235,3.4579,3.6993,3.8827,4.2056,4.4001,4.5374,4.6463,4.8156,4.9974,5.1911,5.3067,5.4236
38448,0.027071,0.040335,0.038284,2.8688,3.0102,3.1345,3.43,3.6452,3.8103,4.1035,4.2879,4.4215,4.5292,4.6995,4.8855,5.0874,5.2102,5.337
38455,0.027689,0.039952,0.037122,2.9197,3.0516,3.1676,3.4433,3.644,3.798,4.0666,4.2377,4.3629,4.465,4.6288,4.8118,5.0149,5.141,5.274
38462,0.028433,0.037519,0.034798,2.9598,3.0621,3.1525,3.3698,3.5309,3.6572,3.8816,4.0376,4.1573,4.2579,4.4239,4.6147,4.8326,4.9716,5.1227
38469,0.028857,0.038847,0.034753,3.0119,3.1224,3.2196,3.451,3.6202,3.7505,3.9698,4.116,4.2262,4.3187,4.4724,4.6517,4.8598,4.994,5.1409
38476,0.029248,0.038606,0.034177,3.0442,3.1487,3.2408,3.46,3.6205,3.7444,3.9499,4.0893,4.1954,4.2852,4.436,4.614,4.823,4.9591,5.1093
38483,0.029293,0.039663,0.034085,3.0596,3.1733,3.273,3.5086,3.6787,3.8081,4.0136,4.1464,4.2453,4.3289,4.47,4.639,4.8405,4.9731,5.1203
38490,0.02957,0.039257,0.032185,3.0798,3.1866,3.2801,3.4999,3.6572,3.7758,3.9532,4.0674,4.1534,4.2277,4.358,4.5211,4.724,4.8619,5.0195
38497,0.029689,0.039623,0.031458,3.0943,3.2031,3.2981,3.5203,3.6776,3.795,3.9623,4.0666,4.1445,4.2125,4.3342,4.4908,4.6906,4.8287,4.9885
38504,0.030458,0.038961,0.027838,3.1554,3.2501,3.3322,3.5217,3.6529,3.7484,3.8585,3.9253,3.977,4.0265,4.1259,4.2699,4.4716,4.6197,4.7994
38511,0.030542,0.039767,0.027915,3.1716,3.2728,3.3605,3.562,3.7003,3.8,3.9111,3.974,4.0213,4.0668,4.1597,4.2974,4.4932,4.6383,4.8149
38518,0.030841,0.041072,0.030553,3.2127,3.3239,3.4205,3.6441,3.7995,3.913,4.0531,4.1341,4.193,4.2461,4.3467,4.4856,4.6733,4.8076,4.9666
38525,0.031669,0.040374,0.027714,3.2788,3.3753,3.4587,3.6497,3.7801,3.8735,3.9649,4.016,4.0548,4.0938,4.1779,4.308,4.4981,4.6409,4.816
38532,0.032165,0.040634,0.028175,3.326,3.4204,3.5022,3.6897,3.8182,3.9106,3.9999,4.0514,4.0907,4.1301,4.2144,4.3437,4.5317,4.6722,4.8439
38539,0.032277,0.042282,0.029228,3.3539,3.4626,3.5566,3.7716,3.9182,4.0228,4.1256,4.1786,4.2159,4.2523,4.3301,4.4509,4.6276,4.7598,4.9207
38546,0.032516,0.04305,0.030237,3.3837,3.4975,3.5959,3.8217,3.9759,4.0864,4.1987,4.2565,4.2963,4.334,4.4122,4.5311,4.7027,4.8298,4.9831
38553,0.032894,0.043531,0.030409,3.4227,3.5374,3.6367,3.8641,4.0192,4.1299,4.2389,4.2938,4.331,4.3664,4.4411,4.5563,4.7241,4.849,4.9997
38560,0.03314,0.044453,0.031693,3.4547,3.5761,3.6811,3.9222,4.0873,4.2057,4.3276,4.3892,4.4301,4.4674,4.5433,4.6567,4.8185,4.9373,5.0786
38567,0.033735,0.045102,0.032089,3.515,3.6369,3.7425,3.9846,4.1503,4.269,4.387,4.4458,4.4841,4.5192,4.5913,4.7004,4.8572,4.9725,5.1095
38574,0.033898,0.04614,0.033259,3.5408,3.6711,3.7839,4.043,4.2205,4.3479,4.4788,4.5431,4.5837,4.6197,4.6913,4.7973,4.9475,5.0566,5.1846
38581,0.034317,0.045741,0.031525,3.5738,3.6961,3.8017,4.0428,4.2064,4.3223,4.4249,4.4714,4.4998,4.5272,4.5887,4.6891,4.8404,4.9543,5.0916
38588,0.034964,0.045206,0.029774,3.6257,3.7367,3.8323,4.0492,4.1946,4.2964,4.3666,4.3944,4.4106,4.4297,4.4815,4.577,4.7301,4.8493,4.9966
38595,0.03587,0.043928,0.027257,3.6927,3.783,3.8605,4.0345,4.1492,4.2278,4.251,4.2546,4.2563,4.2662,4.3084,4.401,4.5606,4.6894,4.853
38602,0.035554,0.042658,0.030062,3.651,3.7336,3.8052,3.9702,4.0841,4.1671,4.2272,4.2674,4.2992,4.3326,4.4067,4.5234,4.6942,4.8215,4.9754
38609,0.036516,0.042571,0.030403,3.7362,3.8093,3.8729,4.02,4.1228,4.1985,4.2469,4.2854,4.3175,4.3516,4.427,4.5445,4.7151,4.8414,4.9935
38616,0.037313,0.04351,0.030377,3.8176,3.892,3.9565,4.105,4.2076,4.2823,4.3189,4.3476,4.3715,4.399,4.4647,4.5733,4.7363,4.8589,5.0077
38623,0.037396,0.045553,0.031102,3.847,3.9395,4.0194,4.2019,4.326,4.4144,4.4615,4.4865,4.5037,4.5243,4.578,4.6733,4.8221,4.9359,5.0744
38630,0.037706,0.047167,0.031972,3.8923,3.9969,4.0872,4.2929,4.432,4.5303,4.5852,4.6089,4.6224,4.6387,4.6846,4.7705,4.9082,5.0142,5.1431
38637,0.038025,0.047705,0.03357,3.9268,4.0339,4.1266,4.3392,4.4846,4.5888,4.6584,4.6936,4.7152,4.7373,4.7897,4.8784,5.0131,5.1138,5.2333
38644,0.038681,0.047336,0.034304,3.9816,4.0796,4.1647,4.3612,4.4973,4.5965,4.6636,4.7042,4.7317,4.7588,4.8184,4.9125,5.0496,5.1498,5.2667
38651,0.039193,0.048466,0.036235,4.0398,4.1441,4.2348,4.4453,4.5924,4.7005,4.784,4.8353,4.8694,4.9006,4.9638,5.0572,5.1872,5.2794,5.3836
38658,0.039619,0.049359,0.036737,4.0876,4.1963,4.2908,4.5097,4.6622,4.7738,4.8577,4.9069,4.9383,4.9669,5.0255,5.1134,5.2372,5.325,5.4239
38665,0.039942,0.049934,0.037306,4.1228,4.234,4.3307,4.5546,4.7108,4.8252,4.9113,4.9615,4.9929,5.0211,5.0783,5.1639,5.2837,5.3683,5.4627
38672,0.040451,0.049915,0.034319,4.1677,4.2731,4.3642,4.5723,4.7134,4.8137,4.8557,4.8729,4.88,4.8903,4.9249,4.9956,5.1125,5.2027,5.3103
38679,0.041044,0.048678,0.034529,4.2074,4.2964,4.3734,4.5509,4.6732,4.762,4.7951,4.8172,4.8315,4.8485,4.8937,4.9746,5.0997,5.1934,5.3038
38686,0.041675,0.04915,0.034879,4.2691,4.3567,4.4326,4.6075,4.7282,4.8158,4.8434,4.863,4.8752,4.8906,4.9332,5.0109,5.1323,5.2233,5.3303
38693,0.042154,0.049397,0.035327,4.3146,4.4003,4.4746,4.6461,4.765,4.8517,4.8771,4.8971,4.91,4.9258,4.9686,5.0458,5.1652,5.2543,5.3582
38700,0.042683,0.049083,0.034182,4.3584,4.436,4.5033,4.6577,4.7638,4.8405,4.8431,4.8501,4.8545,4.8644,4.9004,4.9739,5.094,5.1861,5.296
38707,0.04259,0.049908,0.034389,4.359,4.4451,4.5195,4.6897,4.8058,4.8889,4.8966,4.9021,4.9034,4.9103,4.9411,5.009,5.1236,5.2125,5.3188
38714,0.042923,0.049423,0.032364,4.3833,4.4613,4.5284,4.6802,4.7815,4.8523,4.8296,4.8152,4.8028,4.8001,4.8194,4.881,4.9971,5.0915,5.2086
38721,0.043217,0.048825,0.031993,4.4031,4.4729,4.5329,4.6687,4.7594,4.8231,4.7903,4.7734,4.7609,4.7587,4.7797,4.8439,4.9636,5.0607,5.1814
38728,0.043477,0.049577,0.032894,4.4346,4.5091,4.5733,4.719,4.817,4.886,4.8608,4.8476,4.8368,4.8353,4.8561,4.9182,5.0329,5.1255,5.2393
38735,0.044131,0.04852,0.031065,4.4815,4.5399,4.59,4.7025,4.7767,4.828,4.7687,4.7386,4.718,4.7105,4.7253,4.7863,4.9063,5.006,5.1316
38742,0.044443,0.049221,0.033221,4.5173,4.58,4.6341,4.7575,4.8414,4.9015,4.8639,4.8501,4.8411,4.8416,4.8659,4.931,5.0474,5.1399,5.253
38749,0.044637,0.050658,0.034199,4.5502,4.6245,4.6887,4.8348,4.9337,5.0042,4.977,4.9647,4.9541,4.9522,4.9712,5.0291,5.1359,5.2214,5.3251
38756,0.044622,0.051886,0.033863,4.5621,4.6476,4.7211,4.8872,4.9977,5.0745,5.0452,5.0233,5.003,4.9927,4.999,5.0454,5.1433,5.2251,5.3264
38763,0.044612,0.052922,0.033754,4.5723,4.6673,4.7488,4.9321,5.0529,5.1357,5.1066,5.0784,5.0511,5.0347,5.0316,5.0692,5.1596,5.238,5.3364
38770,0.044669,0.053613,0.032057,4.5847,4.685,4.7705,4.9605,5.0826,5.1634,5.1139,5.0648,5.0202,4.9903,4.9687,4.9924,5.0764,5.1556,5.2596
38777,0.045162,0.053545,0.032993,4.6282,4.7237,4.8053,4.9876,5.106,5.1855,5.1391,5.0968,5.0583,5.0333,5.0182,5.0462,5.131,5.2083,5.3079
38784,0.045741,0.053812,0.035376,4.6831,4.7766,4.857,5.0388,5.1601,5.2445,5.2175,5.1944,5.171,5.1572,5.1563,5.1928,5.2771,5.3486,5.4362
38791,0.046566,0.052742,0.036021,4.7455,4.822,4.888,5.0389,5.1415,5.215,5.1807,5.1647,5.1501,5.1442,5.1553,5.2023,5.2938,5.3673,5.4552
38798,0.047184,0.052639,0.035708,4.7997,4.8695,4.9298,5.0673,5.1607,5.2275,5.1792,5.1569,5.1387,5.1305,5.1389,5.1842,5.2755,5.3496,5.4389
38805,0.047484,0.053171,0.037206,4.8324,4.9049,4.9677,5.1122,5.2119,5.2844,5.2498,5.2381,5.2274,5.2244,5.2387,5.2866,5.3751,5.4444,5.5252
38812,0.047869,0.053134,0.038024,4.8666,4.9355,4.9954,5.1343,5.2315,5.3034,5.2722,5.2667,5.2613,5.2625,5.2824,5.3339,5.4229,5.4907,5.5678
38819,0.048416,0.053516,0.040346,4.9199,4.9882,5.048,5.1888,5.2903,5.3678,5.3559,5.3685,5.377,5.3886,5.4211,5.4798,5.5678,5.6297,5.6955
38826,0.048913,0.052173,0.041562,4.9501,5.002,5.0482,5.1605,5.2462,5.3156,5.3084,5.3371,5.3614,5.3861,5.4376,5.512,5.6098,5.674,5.7388
38833,0.049419,0.053225,0.04247,5.0069,5.0641,5.1149,5.2379,5.3309,5.4057,5.4023,5.4318,5.4553,5.4788,5.5272,5.5968,5.6876,5.7463,5.8038
38840,0.049965,0.052709,0.043382,5.0503,5.0982,5.1412,5.248,5.332,5.4023,5.4002,5.4383,5.4701,5.5005,5.5587,5.6359,5.7305,5.7892,5.8444
38847,0.050165,0.053042,0.042751,5.0717,5.1206,5.1643,5.2718,5.355,5.4235,5.411,5.4399,5.4644,5.4891,5.5395,5.6108,5.7023,5.7608,5.8173
38854,0.050361,0.052507,0.04363,5.0836,5.1262,5.1647,5.2617,5.3398,5.4064,5.4005,5.4398,5.4736,5.5057,5.5666,5.646,5.7418,5.8005,5.8551
38861,0.050688,0.052595,0.042177,5.1137,5.1537,5.1896,5.279,5.3498,5.4095,5.3809,5.4032,5.4244,5.4473,5.4962,5.5675,5.661,5.7217,5.7817
38868,0.050737,0.053383,0.043435,5.1266,5.1738,5.216,5.3206,5.4026,5.4708,5.4574,5.4881,5.5142,5.5399,5.5914,5.6623,5.7515,5.8073,5.8598
38875,0.051217,0.053722,0.041465,5.173,5.2183,5.2585,5.3558,5.4298,5.4896,5.4452,5.4515,5.4591,5.4709,5.5043,5.5625,5.6469,5.7046,5.7638
38882,0.051595,0.054797,0.041541,5.2185,5.2702,5.3157,5.4246,5.5052,5.5688,5.5203,5.5198,5.5205,5.5264,5.5506,5.6001,5.6766,5.7304,5.7856
38889,0.052523,0.056276,0.042528,5.3176,5.3748,5.425,5.5446,5.6323,5.7007,5.6504,5.6468,5.6436,5.6457,5.663,5.7041,5.7703,5.8168,5.8629
38896,0.052932,0.057039,0.043954,5.3627,5.4236,5.4772,5.6056,5.7005,5.7751,5.7358,5.7403,5.7423,5.7478,5.7684,5.8096,5.8716,5.9129,5.9507
38903,0.052935,0.056497,0.044164,5.3571,5.4131,5.4627,5.5823,5.6723,5.7443,5.7069,5.7161,5.723,5.7325,5.7591,5.8056,5.8716,5.9143,5.9531
38910,0.05333,0.056051,0.04217,5.3874,5.4352,5.4772,5.5779,5.6528,5.7122,5.6439,5.6331,5.6262,5.626,5.6409,5.6808,5.7473,5.7947,5.8426
38917,0.05377,0.055588,0.041343,5.4218,5.461,5.4957,5.5791,5.6416,5.6918,5.6059,5.5865,5.5746,5.5714,5.5832,5.6222,5.6906,5.7407,5.7932
38924,0.053932,0.054616,0.040895,5.4257,5.4545,5.4802,5.5434,5.5928,5.6342,5.5392,5.5193,5.5092,5.5082,5.5245,5.5688,5.6433,5.6975,5.7548
38931,0.054048,0.053178,0.040228,5.4206,5.435,5.4484,5.4839,5.5153,5.5448,5.4382,5.4182,5.4111,5.4137,5.4369,5.4892,5.573,5.6333,5.6979
38938,0.053479,0.052643,0.039771,5.3637,5.3783,5.3917,5.4273,5.4586,5.4879,5.3846,5.3661,5.3603,5.3642,5.3896,5.4449,5.5326,5.5959,5.6644
38945,0.053574,0.052714,0.038389,5.3729,5.3868,5.3993,5.4313,5.4581,5.4825,5.3611,5.3278,5.3108,5.3062,5.3206,5.3686,5.4545,5.5199,5.594
38952,0.053453,0.052578,0.037568,5.3605,5.3739,5.386,5.416,5.4404,5.4622,5.3329,5.2927,5.2705,5.2622,5.272,5.3173,5.4035,5.471,5.5491
38959,0.053581,0.052098,0.036905,5.3666,5.3743,5.3814,5.3996,5.4157,5.4313,5.2914,5.2462,5.2214,5.2115,5.2202,5.2661,5.3549,5.4252,5.5077
38966,0.053593,0.051606,0.037325,5.3625,5.3657,5.369,5.3798,5.392,5.4059,5.2702,5.2317,5.213,5.2081,5.224,5.2757,5.3683,5.4396,5.5219
38973,0.053633,0.051609,0.036757,5.3661,5.3688,5.3716,5.3804,5.3904,5.4021,5.259,5.2145,5.1912,5.183,5.1946,5.2436,5.3356,5.4079,5.4926
38980,0.053549,0.051777,0.036356,5.3603,5.3651,5.3697,5.3819,5.3935,5.4055,5.2592,5.2103,5.1832,5.172,5.1794,5.2252,5.3158,5.3883,5.4743
38987,0.053713,0.050423,0.034504,5.3601,5.3506,5.3424,5.325,5.3154,5.3118,5.1389,5.0773,5.0435,5.0285,5.0333,5.0809,5.1792,5.26,5.3586
38994,0.053991,0.049606,0.034138,5.3762,5.3566,5.3399,5.3029,5.2808,5.2687,5.0858,5.0231,4.9904,4.9772,4.9855,5.0376,5.141,5.2253,5.328
39001,0.053451,0.051482,0.037511,5.3485,5.3519,5.3555,5.3671,5.3803,5.3952,5.2639,5.2288,5.2126,5.2097,5.2282,5.2821,5.3759,5.4473,5.5292
39008,0.053445,0.051601,0.037062,5.3492,5.3536,5.3579,5.3706,5.3837,5.3979,5.2615,5.2213,5.2009,5.1949,5.2091,5.2599,5.3525,5.4244,5.5078
39015,0.053408,0.052122,0.0368,5.3514,5.3609,5.3694,5.3908,5.4089,5.4257,5.2874,5.2421,5.2168,5.2065,5.2146,5.26,5.3487,5.4193,5.5023
39022,0.053835,0.050069,0.03406,5.3673,5.3532,5.3412,5.3146,5.2988,5.2905,5.1098,5.0448,5.0093,4.9934,4.9977,5.0458,5.1461,5.229,5.3307
39029,0.053739,0.050668,0.03476,5.3651,5.3577,5.3514,5.3381,5.3315,5.33,5.16,5.0996,5.0662,5.0513,5.0559,5.1027,5.1995,5.2789,5.3755
39036,0.053626,0.050885,0.034409,5.3573,5.3528,5.3488,5.3404,5.3363,5.3358,5.1637,5.0994,5.0623,5.0445,5.0449,5.0884,5.1835,5.2629,5.3605
39043,0.053758,0.050453,0.033151,5.3643,5.3542,5.3453,5.3245,5.3107,5.3024,5.1125,5.0369,4.9923,4.9693,4.9638,5.0046,5.1015,5.1848,5.2895
39050,0.053987,0.049777,0.03246,5.3775,5.3589,5.3427,5.3049,5.2796,5.263,5.0603,4.9798,4.9332,4.9094,4.904,4.9466,5.0475,5.1344,5.2444
39057,0.054162,0.048305,0.032174,5.3773,5.3436,5.3145,5.2485,5.2053,5.1775,4.9666,4.8897,4.849,4.8311,4.8356,4.8885,4.9994,5.0921,5.2081
39064,0.054078,0.049392,0.033492,5.3816,5.359,5.3396,5.2962,5.2689,5.2527,5.0603,4.9917,4.955,4.9391,4.9443,4.9948,5.0992,5.1854,5.2918
39071,0.053994,0.050029,0.03394,5.381,5.3652,5.3515,5.3212,5.3027,5.2926,5.1077,5.0408,5.0041,4.9875,4.9909,5.0385,5.1389,5.222,5.3243
39078,0.053814,0.050381,0.034609,5.3687,5.358,5.3488,5.329,5.3182,5.3139,5.1405,5.0796,5.0465,5.0321,5.0379,5.0861,5.1847,5.2654,5.3636
39085,0.053654,0.050551,0.03442,5.3563,5.3484,5.3417,5.3272,5.3194,5.3167,5.1439,5.0812,5.0461,5.0301,5.0333,5.0795,5.177,5.2575,5.3561
39092,0.053508,0.050991,0.034907,5.348,5.3456,5.3437,5.3402,5.34,5.3428,5.1788,5.1196,5.0861,5.0708,5.0742,5.1194,5.2144,5.2924,5.3875
39099,0.053259,0.051864,0.036498,5.3353,5.3436,5.3511,5.3702,5.3866,5.402,5.2622,5.216,5.1904,5.18,5.1883,5.2346,5.325,5.3971,5.4823
39106,0.053213,0.052179,0.036756,5.3346,5.3463,5.3567,5.3825,5.4033,5.4219,5.2863,5.2414,5.216,5.2055,5.2132,5.2582,5.3467,5.4173,5.5004
39113,0.05316,0.052309,0.037237,5.3313,5.3448,5.3569,5.3868,5.411,5.4324,5.3036,5.2632,5.2409,5.2326,5.2429,5.2892,5.3773,5.4465,5.5271
39120,0.053327,0.051797,0.035934,5.3406,5.3475,5.3537,5.3692,5.3824,5.395,5.2472,5.1953,5.1655,5.1522,5.1568,5.2007,5.291,5.3644,5.4523
39127,0.053362,0.051847,0.035852,5.3442,5.3513,5.3575,5.3731,5.3861,5.3984,5.2492,5.196,5.1652,5.151,5.1545,5.1976,5.2875,5.3608,5.4489
39134,0.053406,0.051349,0.035428,5.3428,5.3448,5.3466,5.3521,5.3583,5.3658,5.2101,5.155,5.1237,5.1097,5.1141,5.1591,5.2521,5.328,5.4195
39141,0.053692,0.049607,0.034523,5.3495,5.3327,5.3184,5.2877,5.2702,5.2619,5.0885,5.0314,5.0026,4.9921,5.0039,5.0582,5.1623,5.246,5.3471
39148,0.053973,0.048224,0.033714,5.3597,5.3275,5.3,5.2394,5.2022,5.1806,4.9911,4.9312,4.9035,4.8953,4.9121,4.9733,5.0863,5.1762,5.2854
39155,0.054125,0.047951,0.034665,5.3704,5.3347,5.3044,5.2386,5.1997,5.1784,4.9975,4.9477,4.9284,4.9268,4.9527,5.0203,5.1358,5.2247,5.3304
39162,0.054379,0.047988,0.034285,5.3935,5.3557,5.3235,5.2531,5.2104,5.186,4.9963,4.941,4.9179,4.9135,4.9357,5.0009,5.1155,5.2049,5.3121
39169,0.05437,0.047724,0.036167,5.3901,5.3505,5.3173,5.2468,5.2072,5.1875,5.0202,4.9853,4.9782,4.9861,5.0243,5.1006,5.2185,5.3052,5.4047
39176,0.054284,0.048148,0.036737,5.387,5.3523,5.3233,5.2627,5.23,5.2155,5.057,5.0262,5.0212,5.0302,5.0692,5.1449,5.2605,5.3446,5.4403
39183,0.054014,0.049362,0.037703,5.3761,5.3552,5.3381,5.3047,5.2904,5.2886,5.1477,5.1219,5.118,5.1266,5.163,5.234,5.3421,5.4203,5.5079
39190,0.054156,0.048886,0.036217,5.3834,5.3564,5.3339,5.2867,5.2615,5.2507,5.089,5.0499,5.037,5.0393,5.0686,5.1361,5.2462,5.3288,5.4244
39197,0.054195,0.048501,0.036502,5.3828,5.3521,5.3264,5.2727,5.244,5.2315,5.0721,5.0376,5.0291,5.035,5.0695,5.1414,5.2544,5.3378,5.4333
39204,0.054128,0.049026,0.036378,5.3825,5.3571,5.3359,5.2919,5.2689,5.2597,5.1006,5.0626,5.0501,5.0527,5.082,5.1492,5.2585,5.3403,5.4348
39211,0.053923,0.049628,0.036581,5.3706,5.3526,5.3378,5.3079,5.294,5.2908,5.1383,5.1005,5.0866,5.0875,5.1137,5.1773,5.2828,5.3622,5.4539
39218,0.053826,0.049831,0.037239,5.3642,5.3491,5.3369,5.3137,5.3049,5.3059,5.1631,5.1315,5.1218,5.1255,5.1551,5.2203,5.325,5.4026,5.4908
39225,0.053589,0.050755,0.039392,5.3532,5.3494,5.3472,5.3484,5.3582,5.3739,5.262,5.2486,5.2507,5.2622,5.3003,5.3687,5.4691,5.5396,5.6156
39232,0.05339,0.051276,0.039825,5.341,5.3439,5.3475,5.3619,5.3806,5.4025,5.2997,5.2892,5.2922,5.3038,5.3411,5.4077,5.505,5.573,5.6457
39239,0.053143,0.052167,0.041399,5.3287,5.3425,5.3556,5.3928,5.4281,5.4627,5.3838,5.3861,5.3966,5.4129,5.4548,5.5221,5.615,5.6773,5.7406
39246,0.05282,0.053024,0.045436,5.3095,5.3353,5.3596,5.4259,5.4856,5.5415,5.5173,5.5576,5.5949,5.6302,5.6949,5.775,5.8663,5.9189,5.9636
39253,0.053053,0.051882,0.045205,5.318,5.3312,5.3448,5.3873,5.432,5.4783,5.4462,5.4886,5.5301,5.5698,5.6417,5.7295,5.828,5.8848,5.9338
39260,0.053312,0.050871,0.044921,5.3303,5.3318,5.3354,5.3559,5.3864,5.4235,5.3825,5.4257,5.4702,5.5132,5.5909,5.6849,5.7899,5.8504,5.9036
39267,0.05342,0.050782,0.044237,5.3389,5.3384,5.3402,5.3557,5.382,5.4154,5.3643,5.4005,5.44,5.4794,5.5527,5.644,5.7488,5.8108,5.8669
39274,0.053373,0.05086,0.045648,5.3357,5.3369,5.3403,5.3611,5.393,5.4319,5.3986,5.4488,5.4987,5.5457,5.6287,5.7261,5.8318,5.8911,5.9414
39281,0.053451,0.050739,0.044954,5.3414,5.3405,5.342,5.3578,5.3855,5.4207,5.3776,5.421,5.4662,5.5097,5.5886,5.6836,5.7893,5.8501,5.9035
39288,0.053702,0.049837,0.043676,5.3539,5.3421,5.3341,5.3276,5.3394,5.3628,5.2992,5.3329,5.3729,5.4135,5.4901,5.5859,5.6963,5.7623,5.8235
39295,0.054032,0.04789,0.042979,5.3624,5.3297,5.3037,5.2572,5.2434,5.2501,5.1703,5.205,5.2501,5.2966,5.3836,5.491,5.614,5.6876,5.7576
39302,0.054403,0.047952,0.04333,5.3963,5.3609,5.3328,5.2816,5.265,5.2702,5.1886,5.2243,5.2706,5.3181,5.4064,5.5145,5.6368,5.7095,5.7776
39309,0.057091,0.045212,0.04316,5.6075,5.5228,5.4526,5.3076,5.2311,5.1975,5.0661,5.0983,5.1516,5.2079,5.3123,5.4373,5.5754,5.6563,5.7324
39316,0.057024,0.044403,0.041745,5.5926,5.5007,5.424,5.2636,5.1756,5.1329,4.9846,5.0071,5.0546,5.1073,5.2084,5.3334,5.476,5.5623,5.6468
39323,0.057704,0.044626,0.039989,5.6557,5.5592,5.478,5.3053,5.2063,5.1536,4.9734,4.9731,5.0037,5.0441,5.1292,5.2433,5.3823,5.4706,5.5616
39330,0.060474,0.044055,0.037773,5.8974,5.7701,5.6619,5.4257,5.2816,5.1956,4.9425,4.9064,4.9152,4.941,5.0093,5.1135,5.2516,5.3447,5.4457
39337,0.060632,0.042691,0.036546,5.8967,5.7551,5.6345,5.37,5.2067,5.1071,4.8349,4.7925,4.7996,4.8254,4.8958,5.005,5.1516,5.2518,5.3626
39344,0.054588,0.041777,0.03877,5.3458,5.2509,5.1715,5.0037,4.9093,4.8609,4.7134,4.7338,4.7812,4.8354,4.9418,5.0777,5.2391,5.3413,5.4481
39351,0.05371,0.042488,0.040563,5.275,5.1951,5.1289,4.9925,4.9209,4.8898,4.7792,4.8192,4.8787,4.9409,5.0561,5.1959,5.3546,5.4514,5.5486
39358,0.053493,0.043626,0.038953,5.2677,5.1996,5.143,5.0259,4.9635,4.9357,4.8109,4.8301,4.8712,4.9184,5.0129,5.1365,5.2864,5.3824,5.4831
39365,0.053049,0.045592,0.03929,5.2492,5.2031,5.1653,5.0895,5.0532,5.0418,4.931,4.9461,4.9795,5.019,5.1004,5.2105,5.3474,5.4362,5.5294
39372,0.052484,0.043998,0.038692,5.1813,5.1257,5.0796,4.986,4.9385,4.9202,4.8093,4.8299,4.8699,4.9154,5.007,5.1279,5.276,5.3718,5.473
39379,0.051311,0.040916,0.0363,5.0428,4.9688,4.9071,4.7775,4.706,4.6711,4.5463,4.5656,4.609,4.6595,4.7619,4.8982,5.0675,5.1794,5.3016
39386,0.049424,0.042045,0.038467,4.8863,4.8404,4.8031,4.7306,4.6991,4.6933,4.6271,4.6735,4.7324,4.7925,4.9049,5.045,5.2101,5.3147,5.4245
39393,0.049729,0.040473,0.038195,4.8967,4.8336,4.7817,4.677,4.6254,4.6069,4.5302,4.5801,4.6453,4.7118,4.8348,4.9858,5.1613,5.2717,5.3876
39400,0.049806,0.039202,0.037297,4.8897,4.8141,4.7513,4.6222,4.5543,4.5248,4.4342,4.4811,4.5468,4.6148,4.7418,4.8988,5.0825,5.1991,5.323
39407,0.05212,0.036372,0.035655,5.0662,4.9433,4.84,4.619,4.4907,4.4203,4.2678,4.2992,4.3623,4.4321,4.5664,4.7352,4.9351,5.0637,5.203
39414,0.053015,0.036478,0.033411,5.1471,5.0165,4.9058,4.6657,4.5213,4.4368,4.2428,4.2458,4.2884,4.3432,4.4586,4.6149,4.8118,4.9443,5.0934
39421,0.055842,0.033822,0.033149,5.3716,5.1911,5.0379,4.7029,4.4977,4.3738,4.1263,4.1237,4.1717,4.2343,4.3646,4.537,4.7494,4.8903,5.0478
39428,0.054778,0.035037,0.035236,5.2897,5.1306,4.996,4.7047,4.5304,4.4291,4.2261,4.2444,4.3044,4.3743,4.5115,4.6852,4.8913,5.024,5.1683
39435,0.052971,0.034494,0.033747,5.1218,4.9736,4.8482,4.5767,4.4141,4.3195,4.1272,4.144,4.2011,4.2687,4.4033,4.5774,4.7885,4.9273,5.0812
39442,0.051619,0.035057,0.038008,5.0074,4.8779,4.7695,4.5409,4.4124,4.3461,4.2281,4.2929,4.3833,4.4745,4.6378,4.8286,5.0397,5.1683,5.3012
