34703,NaN,NaN,NaN,NaN,NaN,NaN,NaN,NaN,NaN,NaN,NaN,NaN,NaN,NaN,NaN
34710,NaN,NaN,NaN,NaN,NaN,NaN,NaN,NaN,NaN,NaN,NaN,NaN,NaN,NaN,NaN
34717,NaN,NaN,NaN,NaN,NaN,NaN,NaN,NaN,NaN,NaN,NaN,NaN,NaN,NaN,NaN
34724,NaN,NaN,NaN,NaN,NaN,NaN,NaN,NaN,NaN,NaN,NaN,NaN,NaN,NaN,NaN
34731,NaN,NaN,NaN,NaN,NaN,NaN,NaN,NaN,NaN,NaN,NaN,NaN,NaN,NaN,NaN
34738,NaN,NaN,NaN,NaN,NaN,NaN,NaN,NaN,NaN,NaN,NaN,NaN,NaN,NaN,NaN
34745,NaN,NaN,NaN,NaN,NaN,NaN,NaN,NaN,NaN,NaN,NaN,NaN,NaN,NaN,NaN
34752,NaN,NaN,NaN,NaN,NaN,NaN,NaN,NaN,NaN,NaN,NaN,NaN,NaN,NaN,NaN
34759,NaN,NaN,NaN,NaN,NaN,NaN,NaN,NaN,NaN,NaN,NaN,NaN,NaN,NaN,NaN
34766,NaN,NaN,NaN,NaN,NaN,NaN,NaN,NaN,NaN,NaN,NaN,NaN,NaN,NaN,NaN
34773,NaN,NaN,NaN,NaN,NaN,NaN,NaN,NaN,NaN,NaN,NaN,NaN,NaN,NaN,NaN
34780,NaN,NaN,NaN,NaN,NaN,NaN,NaN,NaN,NaN,NaN,NaN,NaN,NaN,NaN,NaN
34787,NaN,NaN,NaN,NaN,NaN,NaN,NaN,NaN,NaN,NaN,NaN,NaN,NaN,NaN,NaN
34794,NaN,NaN,NaN,NaN,NaN,NaN,NaN,NaN,NaN,NaN,NaN,NaN,NaN,NaN,NaN
34801,NaN,NaN,NaN,NaN,NaN,NaN,NaN,NaN,NaN,NaN,NaN,NaN,NaN,NaN,NaN
34808,NaN,NaN,NaN,NaN,NaN,NaN,NaN,NaN,NaN,NaN,NaN,NaN,NaN,NaN,NaN
34815,NaN,NaN,NaN,NaN,NaN,NaN,NaN,NaN,NaN,NaN,NaN,NaN,NaN,NaN,NaN
34822,NaN,NaN,NaN,NaN,NaN,NaN,NaN,NaN,NaN,NaN,NaN,NaN,NaN,NaN,NaN
34829,NaN,NaN,NaN,NaN,NaN,NaN,NaN,NaN,NaN,NaN,NaN,NaN,NaN,NaN,NaN
34836,NaN,NaN,NaN,NaN,NaN,NaN,NaN,NaN,NaN,NaN,NaN,NaN,NaN,NaN,NaN
34843,NaN,NaN,NaN,NaN,NaN,NaN,NaN,NaN,NaN,NaN,NaN,NaN,NaN,NaN,NaN
34850,NaN,NaN,NaN,NaN,NaN,NaN,NaN,NaN,NaN,NaN,NaN,NaN,NaN,NaN,NaN
34857,NaN,NaN,NaN,NaN,NaN,NaN,NaN,NaN,NaN,NaN,NaN,NaN,NaN,NaN,NaN
34864,NaN,NaN,NaN,NaN,NaN,NaN,NaN,NaN,NaN,NaN,NaN,NaN,NaN,NaN,NaN
34871,NaN,NaN,NaN,NaN,NaN,NaN,NaN,NaN,NaN,NaN,NaN,NaN,NaN,NaN,NaN
34878,NaN,NaN,NaN,NaN,NaN,NaN,NaN,NaN,NaN,NaN,NaN,NaN,NaN,NaN,NaN
34885,NaN,NaN,NaN,NaN,NaN,NaN,NaN,NaN,NaN,NaN,NaN,NaN,NaN,NaN,NaN
34892,NaN,NaN,NaN,NaN,NaN,NaN,NaN,NaN,NaN,NaN,NaN,NaN,NaN,NaN,NaN
34899,NaN,NaN,NaN,NaN,NaN,NaN,NaN,NaN,NaN,NaN,NaN,NaN,NaN,NaN,NaN
34906,NaN,NaN,NaN,NaN,NaN,NaN,NaN,NaN,NaN,NaN,NaN,NaN,NaN,NaN,NaN
34913,NaN,NaN,NaN,NaN,NaN,NaN,NaN,NaN,NaN,NaN,NaN,NaN,NaN,NaN,NaN
34920,NaN,NaN,NaN,NaN,NaN,NaN,NaN,NaN,NaN,NaN,NaN,NaN,NaN,NaN,NaN
34927,NaN,NaN,NaN,NaN,NaN,NaN,NaN,NaN,NaN,NaN,NaN,NaN,NaN,NaN,NaN
34934,NaN,NaN,NaN,NaN,NaN,NaN,NaN,NaN,NaN,NaN,NaN,NaN,NaN,NaN,NaN
34941,NaN,NaN,NaN,NaN,NaN,NaN,NaN,NaN,NaN,NaN,NaN,NaN,NaN,NaN,NaN
34948,NaN,NaN,NaN,NaN,NaN,NaN,NaN,NaN,NaN,NaN,NaN,NaN,NaN,NaN,NaN
34955,NaN,NaN,NaN,NaN,NaN,NaN,NaN,NaN,NaN,NaN,NaN,NaN,NaN,NaN,NaN
34962,NaN,NaN,NaN,NaN,NaN,NaN,NaN,NaN,NaN,NaN,NaN,NaN,NaN,NaN,NaN
34969,NaN,NaN,NaN,NaN,NaN,NaN,NaN,NaN,NaN,NaN,NaN,NaN,NaN,NaN,NaN
34976,NaN,NaN,NaN,NaN,NaN,NaN,NaN,NaN,NaN,NaN,NaN,NaN,NaN,NaN,NaN
34983,NaN,NaN,NaN,NaN,NaN,NaN,NaN,NaN,NaN,NaN,NaN,NaN,NaN,NaN,NaN
34990,NaN,NaN,NaN,NaN,NaN,NaN,NaN,NaN,NaN,NaN,NaN,NaN,NaN,NaN,NaN
34997,NaN,NaN,NaN,NaN,NaN,NaN,NaN,NaN,NaN,NaN,NaN,NaN,NaN,NaN,NaN
35004,NaN,NaN,NaN,NaN,NaN,NaN,NaN,NaN,NaN,NaN,NaN,NaN,NaN,NaN,NaN
35011,NaN,NaN,NaN,NaN,NaN,NaN,NaN,NaN,NaN,NaN,NaN,NaN,NaN,NaN,NaN
35018,NaN,NaN,NaN,NaN,NaN,NaN,NaN,NaN,NaN,NaN,NaN,NaN,NaN,NaN,NaN
35025,NaN,NaN,NaN,NaN,NaN,NaN,NaN,NaN,NaN,NaN,NaN,NaN,NaN,NaN,NaN
35032,NaN,NaN,NaN,NaN,NaN,NaN,NaN,NaN,NaN,NaN,NaN,NaN,NaN,NaN,NaN
35039,NaN,NaN,NaN,NaN,NaN,NaN,NaN,NaN,NaN,NaN,NaN,NaN,NaN,NaN,NaN
35046,NaN,NaN,NaN,NaN,NaN,NaN,NaN,NaN,NaN,NaN,NaN,NaN,NaN,NaN,NaN
35053,NaN,NaN,NaN,NaN,NaN,NaN,NaN,NaN,NaN,NaN,NaN,NaN,NaN,NaN,NaN
35060,NaN,NaN,NaN,NaN,NaN,NaN,NaN,NaN,NaN,NaN,NaN,NaN,NaN,NaN,NaN
35067,NaN,NaN,NaN,NaN,NaN,NaN,NaN,NaN,NaN,NaN,NaN,NaN,NaN,NaN,NaN
35074,NaN,NaN,NaN,NaN,NaN,NaN,NaN,NaN,NaN,NaN,NaN,NaN,NaN,NaN,NaN
35081,NaN,NaN,NaN,NaN,NaN,NaN,NaN,NaN,NaN,NaN,NaN,NaN,NaN,NaN,NaN
35088,NaN,NaN,NaN,NaN,NaN,NaN,NaN,NaN,NaN,NaN,NaN,NaN,NaN,NaN,NaN
35095,NaN,NaN,NaN,NaN,NaN,NaN,NaN,NaN,NaN,NaN,NaN,NaN,NaN,NaN,NaN
35102,NaN,NaN,NaN,NaN,NaN,NaN,NaN,NaN,NaN,NaN,NaN,NaN,NaN,NaN,NaN
35109,NaN,NaN,NaN,NaN,NaN,NaN,NaN,NaN,NaN,NaN,NaN,NaN,NaN,NaN,NaN
35116,NaN,NaN,NaN,NaN,NaN,NaN,NaN,NaN,NaN,NaN,NaN,NaN,NaN,NaN,NaN
35123,NaN,NaN,NaN,NaN,NaN,NaN,NaN,NaN,NaN,NaN,NaN,NaN,NaN,NaN,NaN
35130,NaN,NaN,NaN,NaN,NaN,NaN,NaN,NaN,NaN,NaN,NaN,NaN,NaN,NaN,NaN
35137,NaN,NaN,NaN,NaN,NaN,NaN,NaN,NaN,NaN,NaN,NaN,NaN,NaN,NaN,NaN
35144,NaN,NaN,NaN,NaN,NaN,NaN,NaN,NaN,NaN,NaN,NaN,NaN,NaN,NaN,NaN
35151,NaN,NaN,NaN,NaN,NaN,NaN,NaN,NaN,NaN,NaN,NaN,NaN,NaN,NaN,NaN
35158,NaN,NaN,NaN,NaN,NaN,NaN,NaN,NaN,NaN,NaN,NaN,NaN,NaN,NaN,NaN
35165,NaN,NaN,NaN,NaN,NaN,NaN,NaN,NaN,NaN,NaN,NaN,NaN,NaN,NaN,NaN
35172,NaN,NaN,NaN,NaN,NaN,NaN,NaN,NaN,NaN,NaN,NaN,NaN,NaN,NaN,NaN
35179,NaN,NaN,NaN,NaN,NaN,NaN,NaN,NaN,NaN,NaN,NaN,NaN,NaN,NaN,NaN
35186,NaN,NaN,NaN,NaN,NaN,NaN,NaN,NaN,NaN,NaN,NaN,NaN,NaN,NaN,NaN
35193,NaN,NaN,NaN,NaN,NaN,NaN,NaN,NaN,NaN,NaN,NaN,NaN,NaN,NaN,NaN
35200,NaN,NaN,NaN,NaN,NaN,NaN,NaN,NaN,NaN,NaN,NaN,NaN,NaN,NaN,NaN
35207,NaN,NaN,NaN,NaN,NaN,NaN,NaN,NaN,NaN,NaN,NaN,NaN,NaN,NaN,NaN
35214,NaN,NaN,NaN,NaN,NaN,NaN,NaN,NaN,NaN,NaN,NaN,NaN,NaN,NaN,NaN
35221,NaN,NaN,NaN,NaN,NaN,NaN,NaN,NaN,NaN,NaN,NaN,NaN,NaN,NaN,NaN
35228,NaN,NaN,NaN,NaN,NaN,NaN,NaN,NaN,NaN,NaN,NaN,NaN,NaN,NaN,NaN
35235,NaN,NaN,NaN,NaN,NaN,NaN,NaN,NaN,NaN,NaN,NaN,NaN,NaN,NaN,NaN
35242,NaN,NaN,NaN,NaN,NaN,NaN,NaN,NaN,NaN,NaN,NaN,NaN,NaN,NaN,NaN
35249,NaN,NaN,NaN,NaN,NaN,NaN,NaN,NaN,NaN,NaN,NaN,NaN,NaN,NaN,NaN
35256,NaN,NaN,NaN,NaN,NaN,NaN,NaN,NaN,NaN,NaN,NaN,NaN,NaN,NaN,NaN
35263,NaN,NaN,NaN,NaN,NaN,NaN,NaN,NaN,NaN,NaN,NaN,NaN,NaN,NaN,NaN
35270,NaN,NaN,NaN,NaN,NaN,NaN,NaN,NaN,NaN,NaN,NaN,NaN,NaN,NaN,NaN
35277,NaN,NaN,NaN,NaN,NaN,NaN,NaN,NaN,NaN,NaN,NaN,NaN,NaN,NaN,NaN
35284,NaN,NaN,NaN,NaN,NaN,NaN,NaN,NaN,NaN,NaN,NaN,NaN,NaN,NaN,NaN
35291,NaN,NaN,NaN,NaN,NaN,NaN,NaN,NaN,NaN,NaN,NaN,NaN,NaN,NaN,NaN
35298,NaN,NaN,NaN,NaN,NaN,NaN,NaN,NaN,NaN,NaN,NaN,NaN,NaN,NaN,NaN
35305,NaN,NaN,NaN,NaN,NaN,NaN,NaN,NaN,NaN,NaN,NaN,NaN,NaN,NaN,NaN
35312,NaN,NaN,NaN,NaN,NaN,NaN,NaN,NaN,NaN,NaN,NaN,NaN,NaN,NaN,NaN
35319,NaN,NaN,NaN,NaN,NaN,NaN,NaN,NaN,NaN,NaN,NaN,NaN,NaN,NaN,NaN
35326,NaN,NaN,NaN,NaN,NaN,NaN,NaN,NaN,NaN,NaN,NaN,NaN,NaN,NaN,NaN
35333,NaN,NaN,NaN,NaN,NaN,NaN,NaN,NaN,NaN,NaN,NaN,NaN,NaN,NaN,NaN
35340,NaN,NaN,NaN,NaN,NaN,NaN,NaN,NaN,NaN,NaN,NaN,NaN,NaN,NaN,NaN
35347,NaN,NaN,NaN,NaN,NaN,NaN,NaN,NaN,NaN,NaN,NaN,NaN,NaN,NaN,NaN
35354,NaN,NaN,NaN,NaN,NaN,NaN,NaN,NaN,NaN,NaN,NaN,NaN,NaN,NaN,NaN
35361,NaN,NaN,NaN,NaN,NaN,NaN,NaN,NaN,NaN,NaN,NaN,NaN,NaN,NaN,NaN
35368,NaN,NaN,NaN,NaN,NaN,NaN,NaN,NaN,NaN,NaN,NaN,NaN,NaN,NaN,NaN
35375,NaN,NaN,NaN,NaN,NaN,NaN,NaN,NaN,NaN,NaN,NaN,NaN,NaN,NaN,NaN
35382,NaN,NaN,NaN,NaN,NaN,NaN,NaN,NaN,NaN,NaN,NaN,NaN,NaN,NaN,NaN
35389,NaN,NaN,NaN,NaN,NaN,NaN,NaN,NaN,NaN,NaN,NaN,NaN,NaN,NaN,NaN
35396,NaN,NaN,NaN,NaN,NaN,NaN,NaN,NaN,NaN,NaN,NaN,NaN,NaN,NaN,NaN
35403,NaN,NaN,NaN,NaN,NaN,NaN,NaN,NaN,NaN,NaN,NaN,NaN,NaN,NaN,NaN
35410,NaN,NaN,NaN,NaN,NaN,NaN,NaN,NaN,NaN,NaN,NaN,NaN,NaN,NaN,NaN
35417,NaN,NaN,NaN,NaN,NaN,NaN,NaN,NaN,NaN,NaN,NaN,NaN,NaN,NaN,NaN
35424,NaN,NaN,NaN,NaN,NaN,NaN,NaN,NaN,NaN,NaN,NaN,NaN,NaN,NaN,NaN
35431,NaN,NaN,NaN,NaN,NaN,NaN,NaN,NaN,NaN,NaN,NaN,NaN,NaN,NaN,NaN
35438,NaN,NaN,NaN,NaN,NaN,NaN,NaN,NaN,NaN,NaN,NaN,NaN,NaN,NaN,NaN
35445,NaN,NaN,NaN,NaN,NaN,NaN,NaN,NaN,NaN,NaN,NaN,NaN,NaN,NaN,NaN
35452,NaN,NaN,NaN,NaN,NaN,NaN,NaN,NaN,NaN,NaN,NaN,NaN,NaN,NaN,NaN
35459,NaN,NaN,NaN,NaN,NaN,NaN,NaN,NaN,NaN,NaN,NaN,NaN,NaN,NaN,NaN
35466,NaN,NaN,NaN,NaN,NaN,NaN,NaN,NaN,NaN,NaN,NaN,NaN,NaN,NaN,NaN
35473,NaN,NaN,NaN,NaN,NaN,NaN,NaN,NaN,NaN,NaN,NaN,NaN,NaN,NaN,NaN
35480,NaN,NaN,NaN,NaN,NaN,NaN,NaN,NaN,NaN,NaN,NaN,NaN,NaN,NaN,NaN
35487,NaN,NaN,NaN,NaN,NaN,NaN,NaN,NaN,NaN,NaN,NaN,NaN,NaN,NaN,NaN
35494,NaN,NaN,NaN,NaN,NaN,NaN,NaN,NaN,NaN,NaN,NaN,NaN,NaN,NaN,NaN
35501,NaN,NaN,NaN,NaN,NaN,NaN,NaN,NaN,NaN,NaN,NaN,NaN,NaN,NaN,NaN
35508,NaN,NaN,NaN,NaN,NaN,NaN,NaN,NaN,NaN,NaN,NaN,NaN,NaN,NaN,NaN
35515,NaN,NaN,NaN,NaN,NaN,NaN,NaN,NaN,NaN,NaN,NaN,NaN,NaN,NaN,NaN
35522,NaN,NaN,NaN,NaN,NaN,NaN,NaN,NaN,NaN,NaN,NaN,NaN,NaN,NaN,NaN
35529,NaN,NaN,NaN,NaN,NaN,NaN,NaN,NaN,NaN,NaN,NaN,NaN,NaN,NaN,NaN
35536,NaN,NaN,NaN,NaN,NaN,NaN,NaN,NaN,NaN,NaN,NaN,NaN,NaN,NaN,NaN
35543,NaN,NaN,NaN,NaN,NaN,NaN,NaN,NaN,NaN,NaN,NaN,NaN,NaN,NaN,NaN
35550,NaN,NaN,NaN,NaN,NaN,NaN,NaN,NaN,NaN,NaN,NaN,NaN,NaN,NaN,NaN
35557,NaN,NaN,NaN,NaN,NaN,NaN,NaN,NaN,NaN,NaN,NaN,NaN,NaN,NaN,NaN
35564,NaN,NaN,NaN,NaN,NaN,NaN,NaN,NaN,NaN,NaN,NaN,NaN,NaN,NaN,NaN
35571,NaN,NaN,NaN,NaN,NaN,NaN,NaN,NaN,NaN,NaN,NaN,NaN,NaN,NaN,NaN
35578,NaN,NaN,NaN,NaN,NaN,NaN,NaN,NaN,NaN,NaN,NaN,NaN,NaN,NaN,NaN
35585,NaN,NaN,NaN,NaN,NaN,NaN,NaN,NaN,NaN,NaN,NaN,NaN,NaN,NaN,NaN
35592,NaN,NaN,NaN,NaN,NaN,NaN,NaN,NaN,NaN,NaN,NaN,NaN,NaN,NaN,NaN
35599,NaN,NaN,NaN,NaN,NaN,NaN,NaN,NaN,NaN,NaN,NaN,NaN,NaN,NaN,NaN
35606,NaN,NaN,NaN,NaN,NaN,NaN,NaN,NaN,NaN,NaN,NaN,NaN,NaN,NaN,NaN
35613,NaN,NaN,NaN,NaN,NaN,NaN,NaN,NaN,NaN,NaN,NaN,NaN,NaN,NaN,NaN
35620,NaN,NaN,NaN,NaN,NaN,NaN,NaN,NaN,NaN,NaN,NaN,NaN,NaN,NaN,NaN
35627,NaN,NaN,NaN,NaN,NaN,NaN,NaN,NaN,NaN,NaN,NaN,NaN,NaN,NaN,NaN
35634,NaN,NaN,NaN,NaN,NaN,NaN,NaN,NaN,NaN,NaN,NaN,NaN,NaN,NaN,NaN
35641,NaN,NaN,NaN,NaN,NaN,NaN,NaN,NaN,NaN,NaN,NaN,NaN,NaN,NaN,NaN
35648,NaN,NaN,NaN,NaN,NaN,NaN,NaN,NaN,NaN,NaN,NaN,NaN,NaN,NaN,NaN
35655,NaN,NaN,NaN,NaN,NaN,NaN,NaN,NaN,NaN,NaN,NaN,NaN,NaN,NaN,NaN
35662,NaN,NaN,NaN,NaN,NaN,NaN,NaN,NaN,NaN,NaN,NaN,NaN,NaN,NaN,NaN
35669,NaN,NaN,NaN,NaN,NaN,NaN,NaN,NaN,NaN,NaN,NaN,NaN,NaN,NaN,NaN
35676,NaN,NaN,NaN,NaN,NaN,NaN,NaN,NaN,NaN,NaN,NaN,NaN,NaN,NaN,NaN
35683,NaN,NaN,NaN,NaN,NaN,NaN,NaN,NaN,NaN,NaN,NaN,NaN,NaN,NaN,NaN
35690,NaN,NaN,NaN,NaN,NaN,NaN,NaN,NaN,NaN,NaN,NaN,NaN,NaN,NaN,NaN
35697,NaN,NaN,NaN,NaN,NaN,NaN,NaN,NaN,NaN,NaN,NaN,NaN,NaN,NaN,NaN
35704,NaN,NaN,NaN,NaN,NaN,NaN,NaN,NaN,NaN,NaN,NaN,NaN,NaN,NaN,NaN
35711,NaN,NaN,NaN,NaN,NaN,NaN,NaN,NaN,NaN,NaN,NaN,NaN,NaN,NaN,NaN
35718,NaN,NaN,NaN,NaN,NaN,NaN,NaN,NaN,NaN,NaN,NaN,NaN,NaN,NaN,NaN
35725,NaN,NaN,NaN,NaN,NaN,NaN,NaN,NaN,NaN,NaN,NaN,NaN,NaN,NaN,NaN
35732,NaN,NaN,NaN,NaN,NaN,NaN,NaN,NaN,NaN,NaN,NaN,NaN,NaN,NaN,NaN
35739,NaN,NaN,NaN,NaN,NaN,NaN,NaN,NaN,NaN,NaN,NaN,NaN,NaN,NaN,NaN
35746,NaN,NaN,NaN,NaN,NaN,NaN,NaN,NaN,NaN,NaN,NaN,NaN,NaN,NaN,NaN
35753,NaN,NaN,NaN,NaN,NaN,NaN,NaN,NaN,NaN,NaN,NaN,NaN,NaN,NaN,NaN
35760,NaN,NaN,NaN,NaN,NaN,NaN,NaN,NaN,NaN,NaN,NaN,NaN,NaN,NaN,NaN
35767,NaN,NaN,NaN,NaN,NaN,NaN,NaN,NaN,NaN,NaN,NaN,NaN,NaN,NaN,NaN
35774,NaN,NaN,NaN,NaN,NaN,NaN,NaN,NaN,NaN,NaN,NaN,NaN,NaN,NaN,NaN
35781,NaN,NaN,NaN,NaN,NaN,NaN,NaN,NaN,NaN,NaN,NaN,NaN,NaN,NaN,NaN
35788,NaN,NaN,NaN,NaN,NaN,NaN,NaN,NaN,NaN,NaN,NaN,NaN,NaN,NaN,NaN
35795,NaN,NaN,NaN,NaN,NaN,NaN,NaN,NaN,NaN,NaN,NaN,NaN,NaN,NaN,NaN
35802,0.055742,0.055713,0.055668,0.055623,0.055687,0.056217,0.057505,0.055636,0.049583,0.061549,0.046068,0.055326,0.028761,0.04921,-0.065686
35809,0.055819,0.055786,0.055723,0.055608,0.055441,0.055371,0.055967,0.055052,0.049344,0.058359,0.045387,0.055866,0.029028,0.049038,-0.067008
35816,0.056004,0.055975,0.055918,0.05581,0.055627,0.055448,0.05575,0.054908,0.049008,0.059444,0.045782,0.057051,0.030084,0.049381,-0.066957
35823,0.056055,0.056022,0.055958,0.055833,0.055615,0.055383,0.055738,0.055689,0.04947,0.061673,0.046987,0.058066,0.032405,0.049639,-0.066587
35830,0.055994,0.05597,0.055923,0.055833,0.055678,0.055499,0.055616,0.055247,0.048344,0.059602,0.045285,0.05588,0.031972,0.05062,-0.066092
35837,0.05607,0.056037,0.055971,0.055841,0.055606,0.05533,0.055675,0.056096,0.04838,0.060577,0.045416,0.055445,0.032164,0.049448,-0.066065
35844,0.056049,0.056021,0.055966,0.055859,0.05567,0.055437,0.055562,0.055411,0.047795,0.060625,0.046286,0.05432,0.031006,0.051134,-0.066167
35851,0.056094,0.056093,0.056091,0.056087,0.05608,0.056062,0.056034,0.056168,0.050685,0.061134,0.049064,0.054184,0.031721,0.051454,-0.06699
35858,0.0568,0.056795,0.056778,0.056724,0.056554,0.056119,0.055606,0.05627,0.052409,0.061244,0.049523,0.056041,0.033537,0.052577,-0.06666
35865,0.056709,0.056691,0.056653,0.056575,0.056411,0.056117,0.055871,0.055919,0.051626,0.061455,0.04881,0.054742,0.032672,0.052691,-0.067702
35872,0.056616,0.056606,0.056586,0.056546,0.056465,0.056295,0.055905,0.055001,0.051224,0.061396,0.049035,0.053476,0.031366,0.053937,-0.067342
35879,0.056677,0.056654,0.056608,0.056518,0.056352,0.056137,0.056176,0.05548,0.051163,0.063625,0.049138,0.054492,0.031669,0.054167,-0.069296
35886,0.056653,0.056621,0.056559,0.056442,0.056251,0.056091,0.056499,0.056385,0.052351,0.063276,0.047465,0.054808,0.02958,0.054476,-0.069474
35893,0.05629,0.056256,0.056192,0.056079,0.055916,0.055815,0.056106,0.055184,0.050998,0.062581,0.047052,0.056355,0.029493,0.055425,-0.069266
35900,0.056287,0.056251,0.056183,0.056065,0.055905,0.055888,0.056556,0.055735,0.051964,0.063712,0.046808,0.055791,0.029033,0.055356,-0.068824
35907,0.056305,0.056256,0.056164,0.055999,0.055764,0.055714,0.056795,0.056491,0.05197,0.064769,0.046842,0.057179,0.029626,0.055974,-0.069172
35914,0.056262,0.056235,0.056186,0.056109,0.056041,0.056233,0.057408,0.057263,0.052486,0.067911,0.047624,0.057985,0.031191,0.056868,-0.068575
35921,0.056363,0.056351,0.056327,0.056278,0.056187,0.056101,0.056575,0.057799,0.051824,0.06379,0.046365,0.057337,0.030007,0.055095,-0.067252
35928,0.056381,0.056389,0.056403,0.056419,0.056411,0.056267,0.055967,0.057161,0.052731,0.064389,0.046788,0.056937,0.02925,0.05476,-0.067519
35935,0.056287,0.056306,0.056341,0.056398,0.05646,0.056398,0.056038,0.057438,0.052856,0.062682,0.047246,0.056948,0.028833,0.054406,-0.067345
35942,0.056259,0.05629,0.056348,0.056447,0.056565,0.056504,0.05583,0.05685,0.052526,0.062884,0.047506,0.057036,0.028435,0.053877,-0.066459
35949,0.056411,0.056429,0.05646,0.056502,0.05652,0.056376,0.055997,0.056778,0.051352,0.063157,0.046815,0.056456,0.028923,0.052063,-0.06692
35956,0.056407,0.056424,0.056453,0.056494,0.056505,0.05632,0.055799,0.057029,0.052431,0.062376,0.046716,0.056125,0.027408,0.049823,-0.070273
35963,0.056268,0.056281,0.056305,0.056347,0.056395,0.056354,0.055975,0.056206,0.05124,0.0632,0.046853,0.056475,0.028659,0.050636,-0.068391
35970,0.056385,0.05638,0.056366,0.056331,0.05625,0.056132,0.056382,0.057079,0.050049,0.063574,0.04491,0.056379,0.027618,0.049527,-0.068028
35977,0.056371,0.056355,0.056324,0.05627,0.0562,0.056259,0.057083,0.057886,0.049951,0.062705,0.044411,0.056469,0.027042,0.048847,-0.068654
35984,0.056379,0.056375,0.056364,0.056336,0.056261,0.056118,0.056326,0.057603,0.049605,0.06271,0.044724,0.056192,0.027616,0.049475,-0.068734
35991,0.056397,0.0564,0.056404,0.056396,0.056337,0.056141,0.056129,0.057771,0.049609,0.06219,0.045164,0.057267,0.027767,0.050904,-0.06752
35998,0.056403,0.05641,0.05642,0.056422,0.056373,0.056163,0.056052,0.057815,0.049508,0.062626,0.045456,0.056383,0.027499,0.050588,-0.066024
36005,0.056394,0.0564,0.056407,0.056408,0.056363,0.056187,0.056161,0.057492,0.049157,0.064846,0.044936,0.057664,0.027661,0.052832,-0.065184
36012,0.05634,0.056343,0.056347,0.056343,0.056306,0.056201,0.056426,0.057507,0.047984,0.064254,0.043893,0.057517,0.026575,0.051836,-0.065493
36019,0.056177,0.056184,0.056196,0.056216,0.05624,0.056254,0.056419,0.056931,0.047822,0.062102,0.042903,0.059196,0.026051,0.051062,-0.065054
36026,0.056289,0.056289,0.056286,0.056274,0.056237,0.056202,0.056596,0.05687,0.046653,0.063608,0.043412,0.059717,0.026866,0.050896,-0.065085
36033,0.056325,0.056293,0.05623,0.056112,0.055924,0.055824,0.056531,0.057034,0.046514,0.05917,0.043017,0.05981,0.028092,0.053214,-0.063263
36040,0.056076,0.056001,0.055856,0.055586,0.055139,0.054695,0.055226,0.055183,0.044102,0.057538,0.042895,0.05705,0.026439,0.052374,-0.064579
36047,0.056075,0.056016,0.0559,0.055679,0.055295,0.054802,0.054781,0.054431,0.042485,0.053987,0.043417,0.050981,0.02819,0.050513,-0.062932
36054,0.05574,0.055647,0.055467,0.055129,0.05455,0.053839,0.053829,0.052588,0.040716,0.054445,0.042739,0.051374,0.029581,0.05089,-0.062553
36061,0.055849,0.055756,0.055572,0.055212,0.054554,0.053646,0.053571,0.053701,0.041085,0.048239,0.042473,0.048734,0.029116,0.052342,-0.059644
36068,0.053342,0.053242,0.05307,0.052799,0.052447,0.052113,0.051976,0.052377,0.040471,0.040136,0.044599,0.044255,0.024281,0.055469,-0.060067
36075,0.054184,0.054119,0.053995,0.053762,0.053363,0.052831,0.052112,0.049019,0.040071,0.039929,0.046132,0.045273,0.024726,0.054309,-0.064834
36082,0.053785,0.053736,0.05365,0.053514,0.053349,0.053219,0.052486,0.046978,0.039277,0.042749,0.047398,0.050446,0.028761,0.056468,-0.061305
36089,0.051626,0.051583,0.051527,0.051499,0.051643,0.052056,0.051061,0.044251,0.037542,0.041889,0.045538,0.04719,0.03094,0.056331,-0.061946
36096,0.051894,0.0519,0.051921,0.051987,0.052169,0.05244,0.051251,0.044323,0.038998,0.038747,0.045605,0.045277,0.032244,0.054924,-0.064084
36103,0.052364,0.05255,0.052908,0.053573,0.054634,0.055381,0.052238,0.044256,0.041379,0.047772,0.046544,0.046963,0.036768,0.053848,-0.064582
36110,0.052394,0.052731,0.053368,0.054511,0.05622,0.057082,0.051702,0.044916,0.044947,0.047385,0.04588,0.042577,0.036657,0.053449,-0.066351
36117,0.04993,0.050344,0.05114,0.052616,0.054933,0.056342,0.049765,0.043305,0.045803,0.048061,0.046591,0.044873,0.035354,0.051929,-0.066752
36124,0.04991,0.050425,0.051388,0.053088,0.055557,0.056655,0.049417,0.044542,0.048108,0.051361,0.045563,0.045074,0.033856,0.050014,-0.06948
36131,0.057711,0.057659,0.057413,0.05654,0.05409,0.049567,0.0471,0.048952,0.044675,0.04692,0.042125,0.045112,0.030118,0.048591,-0.074972
36138,0.055717,0.055349,0.054646,0.053347,0.051215,0.048968,0.049216,0.048121,0.042951,0.049078,0.042724,0.044051,0.02788,0.048544,-0.072562
36145,0.055556,0.05516,0.054417,0.053072,0.050927,0.048768,0.049287,0.047885,0.042512,0.046548,0.042396,0.045458,0.027085,0.048623,-0.069779
36152,0.056428,0.055964,0.055088,0.05349,0.050948,0.048626,0.050245,0.046872,0.04171,0.057416,0.042891,0.046876,0.027847,0.052051,-0.070848
36159,0.049593,0.049348,0.048997,0.048668,0.048838,0.050149,0.051354,0.048148,0.044104,0.052659,0.041103,0.046727,0.023227,0.052773,-0.07183
36166,0.049815,0.049783,0.049745,0.04974,0.049878,0.05025,0.05035,0.048058,0.044456,0.0516,0.041678,0.046419,0.023661,0.056452,-0.074864
36173,0.04968,0.049646,0.04959,0.049519,0.049503,0.049765,0.05021,0.0475,0.044169,0.053074,0.041397,0.048248,0.023756,0.056964,-0.074303
36180,0.049195,0.049168,0.049125,0.049073,0.049051,0.049175,0.049428,0.047478,0.04531,0.055102,0.03822,0.049577,0.023937,0.057217,-0.076687
36187,0.049125,0.049084,0.049013,0.048912,0.048841,0.049074,0.049637,0.047072,0.044088,0.05391,0.041503,0.04933,0.021409,0.060852,-0.072923
36194,0.049102,0.049097,0.049092,0.0491,0.049157,0.049342,0.049525,0.047203,0.04561,0.055784,0.040686,0.050268,0.022203,0.060052,-0.077756
36201,0.049063,0.049065,0.049075,0.049115,0.049257,0.049654,0.050059,0.047606,0.045778,0.057619,0.041084,0.048641,0.027918,0.059426,-0.077864
36208,0.049116,0.049117,0.049121,0.049143,0.049234,0.049533,0.049942,0.048273,0.048458,0.057485,0.042349,0.050886,0.026222,0.058297,-0.079686
36215,0.049121,0.049115,0.04911,0.049121,0.049216,0.049596,0.050216,0.047946,0.049897,0.061961,0.042936,0.053079,0.026916,0.061913,-0.079802
36222,0.049421,0.049424,0.049429,0.049447,0.049515,0.049781,0.050337,0.048653,0.051115,0.063794,0.044938,0.057298,0.027668,0.06302,-0.077057
36229,0.049026,0.04901,0.048994,0.049016,0.049216,0.049901,0.050417,0.046559,0.050016,0.062675,0.043357,0.055601,0.026022,0.063119,-0.076563
36236,0.049043,0.049028,0.049011,0.049013,0.04914,0.049668,0.050295,0.046915,0.04982,0.059682,0.042938,0.055852,0.023729,0.06388,-0.076251
36243,0.049079,0.049071,0.049063,0.049076,0.049197,0.049645,0.050116,0.046965,0.050325,0.059253,0.042744,0.056602,0.025379,0.063897,-0.077684
36250,0.049115,0.049115,0.049119,0.04914,0.049225,0.049502,0.049934,0.048415,0.049299,0.057431,0.045239,0.055936,0.027492,0.065705,-0.077458
36257,0.049025,0.049029,0.049043,0.049086,0.04921,0.049515,0.049806,0.048684,0.048694,0.056012,0.045562,0.053956,0.024823,0.064569,-0.077639
36264,0.049,0.049009,0.049032,0.049092,0.049252,0.049591,0.049685,0.04819,0.048278,0.057292,0.045593,0.053241,0.025179,0.064338,-0.077567
36271,0.048971,0.048976,0.048991,0.049041,0.049199,0.049597,0.04987,0.048255,0.048585,0.058335,0.045907,0.053258,0.026343,0.064748,-0.078758
36278,0.048684,0.048695,0.048726,0.048816,0.049064,0.049607,0.049954,0.048794,0.049131,0.058311,0.047177,0.05377,0.026553,0.065004,-0.078236
36285,0.048721,0.048762,0.048844,0.049008,0.049316,0.049729,0.049637,0.049241,0.050387,0.058437,0.048303,0.054977,0.027653,0.065775,-0.076102
36292,0.048715,0.048766,0.048863,0.049048,0.049366,0.049703,0.049357,0.049649,0.051391,0.058206,0.049364,0.05682,0.030817,0.064877,-0.074813
36299,0.049017,0.049088,0.049222,0.049463,0.04985,0.05025,0.050093,0.051067,0.053434,0.061133,0.050745,0.058305,0.031116,0.061605,-0.075478
36306,0.04888,0.048946,0.049075,0.049318,0.04974,0.050264,0.050366,0.050746,0.05223,0.063406,0.050799,0.058586,0.030704,0.062036,-0.074799
36313,0.049335,0.049405,0.049533,0.049755,0.050105,0.050565,0.051248,0.053261,0.054329,0.065935,0.05385,0.062658,0.031812,0.063207,-0.067855
36320,0.049284,0.049347,0.049465,0.049683,0.050062,0.05061,0.051363,0.05303,0.053861,0.068635,0.052545,0.064423,0.032349,0.059848,-0.070522
36327,0.050019,0.05012,0.050299,0.050598,0.051014,0.051379,0.051857,0.054902,0.054546,0.065765,0.053168,0.06828,0.03246,0.05878,-0.066857
36334,0.050814,0.050872,0.050968,0.051109,0.051278,0.051497,0.052356,0.054603,0.05344,0.069851,0.054571,0.068811,0.035452,0.062541,-0.059979
36341,0.052382,0.052372,0.052332,0.052211,0.051995,0.052341,0.056144,0.059102,0.049623,0.065798,0.050542,0.065054,0.032452,0.057621,-0.059011
36348,0.051665,0.051562,0.051377,0.051083,0.050818,0.051655,0.056827,0.058222,0.047113,0.071696,0.048282,0.067759,0.03394,0.056551,-0.054755
36355,0.05158,0.051462,0.051254,0.050927,0.050658,0.051752,0.057954,0.057813,0.04468,0.074959,0.044387,0.066747,0.032708,0.056952,-0.05298
36362,0.051488,0.051338,0.051067,0.050633,0.05024,0.051492,0.058785,0.057546,0.04175,0.075402,0.040308,0.068527,0.031723,0.058874,-0.050445
36369,0.051671,0.051532,0.051275,0.050842,0.050403,0.051609,0.059656,0.058973,0.04245,0.080112,0.042481,0.070791,0.032685,0.060274,-0.04817
36376,0.052005,0.051926,0.051769,0.051481,0.051174,0.052359,0.061076,0.061203,0.042751,0.082871,0.043447,0.073849,0.035124,0.062508,-0.045411
36383,0.052528,0.052426,0.0521,0.051839,0.055047,0.067194,0.055154,0.047797,0.089092,0.044241,0.071816,0.053895,0.046013,0.038196,-0.053466
36390,0.052905,0.052863,0.052752,0.052495,0.052169,0.053548,0.06391,0.061841,0.041032,0.084221,0.037068,0.075957,0.031198,0.062245,-0.041026
36397,0.053644,0.053336,0.052584,0.051752,0.054936,0.068024,0.055635,0.043257,0.080466,0.039188,0.068005,0.046627,0.03889,0.033958,-0.057567
36404,0.0537,0.053281,0.052467,0.051819,0.05567,0.0691,0.055547,0.044952,0.085153,0.043953,0.071381,0.047325,0.04397,0.037002,-0.056902
36411,0.053743,0.053249,0.052331,0.051642,0.055958,0.070057,0.054857,0.044251,0.084332,0.041376,0.071288,0.047627,0.043283,0.038806,-0.05621
36418,0.053769,0.053297,0.052392,0.051606,0.055606,0.070251,0.057146,0.042642,0.077014,0.04258,0.069661,0.043632,0.045654,0.037699,-0.055727
36425,0.053776,0.053302,0.052404,0.051625,0.055543,0.069741,0.056298,0.04316,0.079574,0.043459,0.069351,0.044175,0.044491,0.03711,-0.055177
36432,0.052403,0.051816,0.052193,0.056485,0.067128,0.067228,0.047647,0.048322,0.07805,0.043376,0.072974,0.045609,0.048145,0.030077,-0.052124
36439,0.052233,0.051599,0.051117,0.052281,0.059256,0.073325,0.064058,0.042118,0.063688,0.07485,0.041671,0.078749,0.025285,0.069584,-0.03225
36446,0.051898,0.05112,0.050567,0.052122,0.060707,0.076105,0.060863,0.040627,0.070815,0.069216,0.041069,0.080593,0.025856,0.070715,-0.029527
36453,0.051823,0.051044,0.050587,0.052555,0.062132,0.077659,0.059199,0.042059,0.073107,0.066529,0.046486,0.077397,0.029981,0.070331,-0.024084
36460,0.051796,0.051023,0.050543,0.052393,0.06174,0.077647,0.059603,0.041692,0.075095,0.067231,0.048191,0.075909,0.030496,0.069687,-0.024203
36467,0.052923,0.054572,0.057713,0.063183,0.070004,0.070429,0.053993,0.045939,0.070319,0.064266,0.045324,0.072039,0.032998,0.065428,-0.022944
36474,0.053293,0.055393,0.058994,0.064404,0.069352,0.06541,0.05134,0.048992,0.067911,0.065062,0.048018,0.070528,0.031952,0.063885,-0.024317
36481,0.055865,0.057906,0.061163,0.065523,0.068365,0.062609,0.051666,0.052799,0.066548,0.064986,0.049632,0.068717,0.031791,0.06464,-0.02455
36488,0.05582,0.057819,0.061058,0.065451,0.068205,0.061733,0.051423,0.054615,0.066668,0.067147,0.050974,0.067396,0.033229,0.067174,-0.023672
36495,0.065978,0.066161,0.065654,0.063317,0.05856,0.05513,0.056576,0.057826,0.064335,0.069986,0.052621,0.064748,0.032704,0.072518,-0.024158
36502,0.065235,0.064454,0.062906,0.060187,0.056961,0.056748,0.058821,0.056723,0.062966,0.070742,0.05118,0.062148,0.035363,0.069419,-0.02602
36509,0.064588,0.063642,0.062028,0.05961,0.057285,0.057913,0.059343,0.0564,0.064439,0.072662,0.052594,0.065431,0.036683,0.068071,-0.025751
36516,0.06454,0.063607,0.062053,0.059806,0.057808,0.058691,0.059701,0.057205,0.067279,0.074076,0.053356,0.068137,0.036717,0.068181,-0.026076
36523,0.057088,0.05663,0.056363,0.05698,0.059292,0.06177,0.059812,0.057898,0.068644,0.072036,0.053494,0.067936,0.037001,0.067357,-0.02589
36530,0.057017,0.057081,0.057424,0.058446,0.060498,0.062304,0.060016,0.058391,0.071117,0.074183,0.053534,0.071,0.039709,0.067978,-0.02313
36537,0.057166,0.057349,0.057772,0.058718,0.060503,0.062317,0.060352,0.058696,0.072143,0.07593,0.05465,0.072283,0.040319,0.068514,-0.021825
36544,0.057596,0.057756,0.058085,0.058783,0.060185,0.061955,0.06068,0.059577,0.072196,0.074824,0.055158,0.072537,0.0412,0.06817,-0.021392
36551,0.057738,0.057841,0.058077,0.058652,0.059982,0.061929,0.060864,0.059375,0.071755,0.073655,0.05437,0.07263,0.037654,0.063776,-0.024669
36558,0.058902,0.058985,0.059125,0.059427,0.060261,0.062043,0.06208,0.06129,0.074147,0.07748,0.057269,0.071999,0.037011,0.065719,-0.025652
36565,0.058458,0.058552,0.058779,0.059321,0.060485,0.062189,0.06216,0.061536,0.074177,0.078164,0.057203,0.074435,0.035647,0.057366,-0.02884
36572,0.058342,0.058457,0.058711,0.059275,0.060417,0.06205,0.062237,0.061645,0.073867,0.077898,0.056244,0.075347,0.03823,0.06078,-0.024389
36579,0.058326,0.058478,0.058794,0.05945,0.060693,0.062352,0.06264,0.062417,0.073676,0.077578,0.0559,0.071962,0.037853,0.060614,-0.022786
36586,0.058893,0.058983,0.059147,0.059497,0.060333,0.061965,0.062616,0.061854,0.071906,0.075584,0.055583,0.071184,0.038964,0.063897,-0.024712
36593,0.05937,0.059396,0.059449,0.059623,0.060282,0.062028,0.063093,0.061649,0.071082,0.075865,0.055689,0.071706,0.038376,0.061838,-0.029144
36600,0.060056,0.060052,0.060043,0.060093,0.060539,0.062109,0.063348,0.061941,0.071238,0.076406,0.055809,0.072552,0.036695,0.060324,-0.027462
36607,0.060971,0.060953,0.060908,0.060876,0.061188,0.062607,0.063749,0.06266,0.07121,0.074933,0.055605,0.070931,0.034246,0.058837,-0.026738
36614,0.060965,0.060891,0.0608,0.060808,0.061397,0.063396,0.065073,0.064283,0.072867,0.076873,0.056439,0.068943,0.036506,0.059579,-0.029489
36621,0.060915,0.060836,0.06074,0.060739,0.061278,0.063219,0.065425,0.064466,0.068808,0.072458,0.054444,0.066148,0.036965,0.058789,-0.021517
36628,0.06091,0.060835,0.060749,0.060771,0.061354,0.063349,0.065681,0.064652,0.06849,0.07338,0.054876,0.065442,0.039477,0.062473,-0.029736
36635,0.061056,0.061023,0.061009,0.061132,0.061792,0.06367,0.065646,0.064054,0.067681,0.074049,0.054419,0.065581,0.037052,0.059947,-0.026334
36642,0.061444,0.061521,0.061681,0.062032,0.06282,0.064392,0.066148,0.065203,0.069174,0.075373,0.055341,0.068141,0.038665,0.0594,-0.023472
36649,0.06347,0.063704,0.064061,0.064582,0.065352,0.066571,0.067707,0.066931,0.072782,0.079333,0.05685,0.072079,0.042528,0.06105,-0.020695
36656,0.064644,0.064812,0.065072,0.06549,0.066281,0.067768,0.068836,0.068479,0.074212,0.079572,0.056066,0.073842,0.045051,0.055931,-0.015294
36663,0.065782,0.065913,0.066107,0.066418,0.067083,0.068588,0.069947,0.069742,0.075818,0.081267,0.057632,0.074745,0.044414,0.056328,-0.015769
36670,0.065682,0.065752,0.065903,0.066272,0.067183,0.068918,0.069988,0.069325,0.07476,0.080078,0.057524,0.07453,0.044253,0.054716,-0.011706
36677,0.066138,0.06624,0.06643,0.066815,0.067639,0.069224,0.070877,0.071376,0.073955,0.076966,0.057009,0.072533,0.042556,0.054558,-0.013963
36684,0.065885,0.065949,0.066092,0.066416,0.067115,0.06829,0.068989,0.067904,0.070968,0.075994,0.055364,0.06963,0.038729,0.052799,-0.018885
36691,0.06614,0.066183,0.066263,0.066436,0.066869,0.067869,0.069052,0.068721,0.068649,0.071576,0.055228,0.068558,0.038951,0.052471,-0.015475
36698,0.066141,0.066116,0.066089,0.066119,0.066444,0.067463,0.068282,0.067329,0.070002,0.074761,0.055535,0.069053,0.038788,0.053256,-0.015207
36705,0.066526,0.066465,0.066359,0.066238,0.066362,0.067391,0.068722,0.068307,0.069413,0.073022,0.055573,0.068258,0.039386,0.053564,-0.016157
36712,0.065882,0.065735,0.06554,0.065423,0.065906,0.067994,0.069988,0.066439,0.066079,0.071742,0.054101,0.066388,0.036718,0.052253,-0.018124
36719,0.065892,0.065733,0.065504,0.065308,0.065678,0.06779,0.069776,0.064861,0.066157,0.07408,0.053531,0.067783,0.039262,0.0519,-0.020444
36726,0.065924,0.065779,0.065566,0.065376,0.065721,0.06787,0.070404,0.065379,0.067585,0.07708,0.053779,0.068879,0.042488,0.052894,-0.021961
36733,0.065844,0.065689,0.065454,0.065208,0.065424,0.067398,0.070047,0.064389,0.0653,0.07528,0.051902,0.067309,0.041178,0.049314,-0.017759
36740,0.065855,0.06574,0.065568,0.065398,0.065611,0.067314,0.069913,0.064982,0.065364,0.073602,0.051226,0.067364,0.041007,0.049264,-0.021118
36747,0.065886,0.065739,0.0655,0.065205,0.06524,0.066804,0.069138,0.063336,0.063449,0.07345,0.050863,0.065387,0.039823,0.048243,-0.020186
36754,0.065882,0.065722,0.065467,0.065157,0.065208,0.066866,0.069315,0.063356,0.063955,0.074472,0.051123,0.065592,0.039147,0.048882,-0.022894
36761,0.065886,0.065734,0.065492,0.065192,0.065208,0.066719,0.069246,0.064065,0.063521,0.072298,0.050477,0.064368,0.038079,0.048911,-0.022198
36768,0.065992,0.065827,0.06555,0.065171,0.065049,0.066456,0.069105,0.064188,0.063902,0.072917,0.051752,0.06539,0.038703,0.050033,-0.020924
36775,0.065926,0.065762,0.06549,0.065111,0.064923,0.066053,0.068245,0.062516,0.062024,0.071742,0.050335,0.064838,0.038608,0.050348,-0.020611
36782,0.065953,0.065828,0.065611,0.065286,0.065053,0.065935,0.068436,0.06361,0.060798,0.069834,0.050814,0.065152,0.038184,0.050007,-0.022054
36789,0.065934,0.065823,0.065634,0.065358,0.065182,0.06596,0.067783,0.062132,0.060628,0.071069,0.050602,0.066196,0.041271,0.052748,-0.021861
36796,0.065941,0.065835,0.065649,0.065368,0.065173,0.065961,0.068039,0.062572,0.059866,0.070157,0.04935,0.064453,0.040164,0.05242,-0.023471
36803,0.065596,0.065483,0.065401,0.065601,0.06672,0.068781,0.067134,0.059764,0.06101,0.069274,0.0504,0.064994,0.040623,0.0535,-0.023952
36810,0.065515,0.065358,0.065219,0.065403,0.066765,0.069519,0.066934,0.059292,0.061765,0.067443,0.050842,0.064816,0.040388,0.053895,-0.025137
36817,0.065545,0.065347,0.065138,0.065216,0.066472,0.069141,0.065735,0.057812,0.061612,0.066093,0.049563,0.062734,0.040604,0.054341,-0.02749
36824,0.065532,0.065324,0.065102,0.065171,0.066454,0.069243,0.065644,0.057435,0.061713,0.065783,0.050798,0.061584,0.038089,0.053269,-0.028712
36831,0.06573,0.066026,0.066593,0.067557,0.068622,0.068131,0.063909,0.059595,0.061619,0.06388,0.052733,0.062294,0.038086,0.054297,-0.027755
36838,0.065843,0.066289,0.067033,0.068082,0.068799,0.067341,0.064033,0.061464,0.061467,0.063755,0.054449,0.064988,0.037354,0.054913,-0.024455
36845,0.065906,0.066414,0.067238,0.068339,0.068921,0.066869,0.063369,0.061174,0.060575,0.063629,0.053164,0.062741,0.03657,0.054842,-0.025776
36852,0.065911,0.066437,0.067278,0.06837,0.068851,0.066575,0.063258,0.061409,0.059246,0.062371,0.053788,0.062308,0.036502,0.055053,-0.02703
36859,0.068322,0.068383,0.068287,0.067717,0.066336,0.064761,0.064355,0.062172,0.056474,0.059288,0.053357,0.06079,0.034799,0.054838,-0.031029
36866,0.067397,0.067179,0.066757,0.065981,0.064784,0.063514,0.062294,0.058837,0.053643,0.0568,0.050558,0.056938,0.031944,0.053706,-0.029399
36873,0.066903,0.066661,0.066237,0.06553,0.064489,0.063305,0.061962,0.058707,0.053442,0.05619,0.049748,0.054519,0.029437,0.052658,-0.031086
36880,0.06644,0.066203,0.065787,0.065074,0.063923,0.062306,0.060075,0.055457,0.05013,0.054259,0.048549,0.052431,0.026558,0.052525,-0.032606
36887,0.066198,0.065925,0.065439,0.064608,0.06332,0.061578,0.0584,0.051694,0.049505,0.057676,0.048871,0.054229,0.027431,0.053314,-0.032934
36894,0.064848,0.06451,0.063951,0.063069,0.0618,0.06016,0.057218,0.049847,0.046403,0.054989,0.049182,0.055595,0.026585,0.053778,-0.034886
36901,0.058227,0.057644,0.056885,0.056093,0.055394,0.054118,0.051306,0.045887,0.04715,0.056359,0.044798,0.054079,0.027763,0.054121,-0.036987
36908,0.058657,0.058377,0.057939,0.057282,0.056354,0.055108,0.053102,0.047844,0.047557,0.056022,0.045042,0.055653,0.030217,0.054748,-0.036024
36915,0.057081,0.056828,0.05646,0.055972,0.055335,0.05426,0.051718,0.045342,0.047135,0.058999,0.046412,0.056987,0.032397,0.057234,-0.034726
36922,0.055389,0.055158,0.054818,0.054332,0.053566,0.052116,0.049759,0.044625,0.043912,0.053511,0.044489,0.054359,0.028721,0.05442,-0.034418
36929,0.055565,0.055399,0.055088,0.054487,0.053369,0.051688,0.049679,0.044388,0.045803,0.057398,0.045543,0.056043,0.028904,0.05531,-0.034535
36936,0.055638,0.055466,0.055121,0.054433,0.053174,0.051472,0.049653,0.043783,0.047342,0.061867,0.044345,0.056693,0.030253,0.055533,-0.034837
36943,0.055593,0.055392,0.054987,0.054172,0.052685,0.050778,0.049517,0.044661,0.045334,0.057405,0.044375,0.058189,0.029544,0.056754,-0.034266
36950,0.051682,0.051322,0.050832,0.050256,0.049576,0.048306,0.04626,0.041854,0.043128,0.054145,0.042448,0.055932,0.024923,0.055787,-0.035956
36957,0.052452,0.052147,0.051601,0.050677,0.049393,0.048276,0.046954,0.042069,0.042888,0.054442,0.042904,0.056527,0.024177,0.056175,-0.036436
36964,0.051279,0.05104,0.050666,0.050108,0.049306,0.048116,0.046312,0.042495,0.041386,0.050988,0.043603,0.057415,0.023935,0.056887,-0.039672
36971,0.050372,0.050129,0.049728,0.049074,0.047968,0.046012,0.042949,0.039174,0.040296,0.050538,0.042628,0.055674,0.022935,0.057336,-0.036707
36978,0.050766,0.050565,0.050179,0.049447,0.048174,0.046373,0.044044,0.0405,0.041423,0.052287,0.045302,0.058704,0.025149,0.060082,-0.033142
36985,0.050527,0.050288,0.049827,0.048922,0.04724,0.044675,0.042043,0.039071,0.039133,0.050604,0.044156,0.057576,0.025761,0.061362,-0.033608
36992,0.050218,0.049813,0.049077,0.047811,0.045997,0.04431,0.042765,0.039252,0.040169,0.054646,0.045444,0.058956,0.028834,0.061751,-0.032138
36999,0.050529,0.05013,0.049393,0.048107,0.046284,0.044975,0.045538,0.04509,0.039174,0.048688,0.0469,0.058175,0.02942,0.062147,-0.031096
37006,0.04394,0.043504,0.043046,0.0428,0.042784,0.041624,0.038922,0.037453,0.040143,0.056062,0.046593,0.05959,0.031837,0.063346,-0.030228
37013,0.043866,0.043698,0.043465,0.043134,0.042508,0.041084,0.039503,0.038481,0.041012,0.057625,0.046088,0.058998,0.031364,0.060698,-0.031425
37020,0.041296,0.04106,0.040762,0.040456,0.040123,0.039299,0.038048,0.036678,0.037887,0.055383,0.044895,0.057485,0.03088,0.061021,-0.035835
37027,0.040512,0.040393,0.040243,0.040069,0.039765,0.038848,0.037511,0.036764,0.039417,0.058875,0.04932,0.061201,0.035042,0.062614,-0.036368
37034,0.040689,0.040659,0.040606,0.040494,0.040178,0.039334,0.038381,0.038492,0.040748,0.059112,0.049351,0.058948,0.033396,0.062209,-0.035894
37041,0.040474,0.040417,0.040301,0.040037,0.039407,0.038132,0.037107,0.03816,0.041223,0.059402,0.051767,0.061283,0.034565,0.062412,-0.036142
37048,0.040103,0.039951,0.039668,0.039152,0.038291,0.037201,0.036823,0.037795,0.038489,0.056982,0.052175,0.056527,0.029543,0.061728,-0.037355
37055,0.039682,0.039509,0.039205,0.038688,0.037877,0.036871,0.03649,0.037385,0.0377,0.055372,0.051605,0.057517,0.030183,0.062292,-0.038565
37062,0.038106,0.037908,0.037617,0.037219,0.036658,0.03576,0.035084,0.035397,0.036104,0.054779,0.0519,0.058516,0.029942,0.063392,-0.040452
37069,0.037245,0.03713,0.036983,0.036815,0.036555,0.035831,0.034691,0.034121,0.038203,0.058754,0.052016,0.058917,0.028736,0.063151,-0.043956
37076,0.038423,0.038357,0.038197,0.037852,0.037336,0.037147,0.037359,0.035994,0.040695,0.061506,0.052474,0.061018,0.030826,0.064548,-0.039044
37083,0.038239,0.038074,0.037766,0.03723,0.036537,0.036385,0.036777,0.033608,0.038258,0.060984,0.050639,0.06087,0.030242,0.064388,-0.040474
37090,0.038248,0.038093,0.037791,0.037226,0.036377,0.036011,0.037537,0.03627,0.035393,0.053702,0.050872,0.058616,0.026278,0.062793,-0.038205
37097,0.037835,0.037651,0.037316,0.036725,0.035842,0.035266,0.036183,0.033932,0.035107,0.056643,0.052283,0.058851,0.025917,0.064069,-0.040863
37104,0.037307,0.037132,0.036825,0.036296,0.035496,0.034959,0.035967,0.033165,0.032575,0.052188,0.050144,0.059316,0.024757,0.06363,-0.041806
37111,0.036968,0.03682,0.036553,0.036076,0.035314,0.034743,0.035921,0.034102,0.032709,0.05089,0.050763,0.059325,0.023306,0.063897,-0.041312
37118,0.036028,0.035859,0.035593,0.035197,0.034665,0.034245,0.034571,0.031662,0.033648,0.054321,0.049825,0.058775,0.022814,0.064892,-0.042522
37125,0.035626,0.035466,0.035197,0.034772,0.034213,0.033891,0.034168,0.030615,0.032667,0.054172,0.048335,0.057583,0.022431,0.064423,-0.045482
37132,0.035738,0.035596,0.035324,0.03482,0.034042,0.033544,0.034163,0.030555,0.031062,0.052098,0.046239,0.05486,0.019884,0.063688,-0.042886
37139,0.035745,0.035617,0.03537,0.034902,0.034179,0.033826,0.034985,0.032026,0.033078,0.053791,0.0477,0.058758,0.022527,0.064641,-0.044571
37146,0.034971,0.034738,0.034319,0.033584,0.032469,0.031573,0.031975,0.027994,0.030231,0.052502,0.04524,0.057771,0.021764,0.06526,-0.045863
37153,0.026977,0.026608,0.026347,0.026609,0.02764,0.027928,0.02606,0.021377,0.024835,0.047399,0.04204,0.0574,0.022453,0.068733,-0.043309
37160,0.026196,0.025977,0.025711,0.02548,0.025386,0.025183,0.023944,0.019613,0.02387,0.046956,0.040183,0.054889,0.021911,0.069436,-0.049896
37167,0.025652,0.025426,0.025086,0.024646,0.024254,0.024006,0.022344,0.017236,0.023021,0.047389,0.040073,0.052751,0.016936,0.068103,-0.052215
37174,0.025144,0.024878,0.024455,0.023872,0.023342,0.023263,0.02202,0.01706,0.022753,0.046913,0.041191,0.056407,0.01897,0.069009,-0.053106
37181,0.024865,0.024591,0.024148,0.023531,0.022993,0.023079,0.022277,0.018131,0.023389,0.046468,0.041011,0.056073,0.017187,0.069385,-0.053437
37188,0.023868,0.023579,0.023144,0.022592,0.022185,0.022324,0.021843,0.019139,0.022314,0.04347,0.042859,0.057357,0.017563,0.069928,-0.052214
37195,0.022666,0.022497,0.02226,0.02194,0.021437,0.020519,0.01968,0.018208,0.017696,0.036575,0.041783,0.053278,0.011926,0.066567,-0.057636
37202,0.02064,0.020481,0.020282,0.020048,0.019618,0.018472,0.017321,0.015975,0.016303,0.036567,0.042217,0.050474,0.011008,0.066793,-0.05847
37209,0.020665,0.020614,0.02053,0.020356,0.019898,0.018869,0.017761,0.015955,0.021946,0.046034,0.043465,0.054173,0.013144,0.06879,-0.063068
37216,0.020833,0.020861,0.02091,0.020982,0.021021,0.020848,0.020368,0.018823,0.027202,0.052659,0.047784,0.060639,0.017952,0.071706,-0.062981
37223,0.020637,0.020682,0.02076,0.020861,0.020833,0.020244,0.019179,0.018362,0.02837,0.053907,0.048482,0.060243,0.017659,0.073609,-0.063683
37230,0.020333,0.02018,0.019912,0.019497,0.019064,0.018969,0.017947,0.014462,0.02898,0.058764,0.04531,0.058733,0.018056,0.075103,-0.06333
37237,0.018733,0.018556,0.018321,0.018082,0.017985,0.018161,0.017741,0.014289,0.027134,0.057543,0.047316,0.062391,0.019357,0.076652,-0.063949
37244,0.019226,0.019138,0.01897,0.018667,0.018267,0.018339,0.019093,0.015855,0.026732,0.059502,0.049707,0.063186,0.019953,0.074869,-0.062446
37251,0.019193,0.019119,0.018969,0.018678,0.018228,0.018134,0.019273,0.016602,0.025878,0.063322,0.054209,0.063013,0.022088,0.0752,-0.066891
37258,0.018434,0.018331,0.018179,0.01799,0.017871,0.018261,0.019227,0.015664,0.026859,0.064065,0.050334,0.061859,0.022738,0.075475,-0.06565
37265,0.018281,0.01821,0.018085,0.017873,0.0176,0.01777,0.019414,0.017526,0.023776,0.056549,0.048737,0.060737,0.022413,0.073163,-0.063865
37272,0.017135,0.017018,0.016849,0.016629,0.0164,0.016494,0.01756,0.0146,0.020875,0.054267,0.046456,0.058614,0.019489,0.072791,-0.064701
37279,0.017464,0.01744,0.017395,0.017322,0.017281,0.017753,0.019338,0.017013,0.024635,0.056845,0.048223,0.061214,0.020649,0.074592,-0.063367
37286,0.018268,0.018274,0.018235,0.018081,0.017804,0.018052,0.019938,0.018421,0.025707,0.055014,0.047575,0.062776,0.019997,0.073435,-0.06629
37293,0.018286,0.018304,0.018324,0.018332,0.018347,0.018709,0.020234,0.019076,0.024314,0.050789,0.047177,0.062827,0.018937,0.073088,-0.064514
37300,0.018344,0.018345,0.01834,0.018326,0.018352,0.018732,0.019906,0.019171,0.027007,0.052157,0.045903,0.063598,0.020376,0.073508,-0.060728
37307,0.018371,0.018378,0.018382,0.018378,0.018405,0.018839,0.02024,0.019195,0.026378,0.050916,0.044304,0.062928,0.018403,0.072544,-0.062209
37314,0.018619,0.018626,0.018609,0.018522,0.018353,0.018586,0.020503,0.020888,0.026273,0.048858,0.043538,0.061308,0.01807,0.072241,-0.060294
37321,0.01871,0.018712,0.018694,0.018616,0.018453,0.018591,0.020247,0.021427,0.031313,0.054154,0.043612,0.063241,0.020412,0.073522,-0.060536
37328,0.018851,0.018871,0.0189,0.018954,0.019127,0.019886,0.022378,0.025524,0.035669,0.055868,0.044867,0.066462,0.023348,0.073429,-0.059325
37335,0.018829,0.018816,0.018804,0.018835,0.019101,0.020171,0.02218,0.023398,0.039334,0.063305,0.044191,0.067917,0.022831,0.073585,-0.057884
37342,0.018593,0.018589,0.01862,0.018788,0.019417,0.021223,0.024392,0.026151,0.03878,0.060345,0.043191,0.067496,0.021851,0.072283,-0.059235
37349,0.018494,0.018488,0.018505,0.018633,0.019183,0.020959,0.024578,0.02732,0.037113,0.05578,0.042461,0.067365,0.021183,0.071858,-0.059278
37356,0.018362,0.018315,0.018271,0.018329,0.018828,0.020381,0.022391,0.023259,0.036344,0.057621,0.041457,0.066981,0.020603,0.071246,-0.058443
37363,0.018381,0.018327,0.018266,0.018289,0.018754,0.020381,0.022453,0.022808,0.036281,0.057075,0.039846,0.067931,0.021355,0.071132,-0.055156
37370,0.018306,0.018246,0.018168,0.018131,0.018411,0.01967,0.021784,0.022928,0.034151,0.054159,0.038851,0.065738,0.020534,0.069078,-0.055537
37377,0.018208,0.01816,0.018099,0.018079,0.018326,0.019392,0.021152,0.021691,0.032407,0.053125,0.038362,0.064544,0.019493,0.068539,-0.054583
37384,0.018229,0.018189,0.018134,0.018103,0.018281,0.019153,0.02005,0.0181,0.033365,0.060207,0.039496,0.066517,0.020518,0.070788,-0.053456
37391,0.018251,0.018251,0.018251,0.018261,0.018383,0.019183,0.021527,0.022425,0.03447,0.056189,0.037704,0.066996,0.02158,0.071669,-0.05246
37398,0.018273,0.018284,0.018294,0.018287,0.018276,0.018629,0.02024,0.020585,0.033466,0.055767,0.034587,0.064647,0.021107,0.071318,-0.054503
37405,0.018288,0.018306,0.018322,0.018304,0.018232,0.018516,0.020667,0.022351,0.032812,0.053029,0.035311,0.063528,0.019629,0.071836,-0.055073
37412,0.018294,0.018318,0.018341,0.018328,0.01823,0.018399,0.02028,0.021403,0.032057,0.052998,0.035722,0.063355,0.019041,0.074438,-0.054639
37419,0.018273,0.01831,0.018362,0.018407,0.018377,0.018376,0.019267,0.019426,0.031461,0.053024,0.034617,0.063483,0.018603,0.072762,-0.053969
37426,0.018267,0.01827,0.018266,0.01825,0.018251,0.018493,0.018911,0.016652,0.027216,0.050286,0.03229,0.060278,0.016025,0.070999,-0.053002
37433,0.018258,0.0182,0.018101,0.017971,0.017976,0.018594,0.018675,0.013097,0.024584,0.05352,0.033599,0.060686,0.015163,0.071439,-0.05122
37440,0.018272,0.018189,0.018044,0.017843,0.017809,0.018765,0.019953,0.014177,0.023336,0.051955,0.033081,0.061484,0.016316,0.073401,-0.051557
37447,0.018299,0.018237,0.01812,0.017928,0.017772,0.018352,0.019947,0.015562,0.020139,0.04677,0.032573,0.059526,0.014982,0.072347,-0.055931
37454,0.018285,0.018233,0.018139,0.017987,0.017869,0.018335,0.019515,0.014902,0.019562,0.047626,0.035148,0.060965,0.015285,0.075233,-0.05455
37461,0.018028,0.01794,0.017803,0.017632,0.017604,0.018214,0.018329,0.010608,0.016632,0.047139,0.030982,0.058686,0.014424,0.077817,-0.054828
37468,0.018114,0.018047,0.017912,0.017664,0.017365,0.017697,0.019447,0.015849,0.015778,0.040058,0.032596,0.060785,0.014769,0.076847,-0.058711
37475,0.017683,0.017621,0.017513,0.017319,0.016974,0.016629,0.017105,0.013806,0.011144,0.03453,0.032062,0.059839,0.01445,0.076499,-0.059064
37482,0.017699,0.017581,0.017374,0.017047,0.016685,0.01663,0.015991,0.0097765,0.013705,0.040769,0.02862,0.055957,0.0071232,0.074155,-0.067021
37489,0.01801,0.017929,0.017762,0.017442,0.016984,0.016882,0.017267,0.012911,0.014833,0.037353,0.028449,0.057815,0.0092818,0.076233,-0.067496
37496,0.018106,0.018072,0.017999,0.017844,0.017573,0.017425,0.017951,0.015345,0.016201,0.034413,0.027901,0.058526,0.0086504,0.077878,-0.071045
37503,0.01799,0.017922,0.0178,0.017591,0.017295,0.017034,0.016472,0.012334,0.014274,0.0326,0.023481,0.05613,0.0069612,0.07575,-0.074355
37510,0.018072,0.018038,0.017974,0.017865,0.017709,0.017575,0.017246,0.014504,0.017755,0.03458,0.023778,0.057624,0.0072834,0.078057,-0.075819
37517,0.018055,0.018014,0.017947,0.017855,0.017782,0.017761,0.016969,0.013293,0.016689,0.032999,0.020859,0.053721,0.0041838,0.079203,-0.078794
37524,0.017959,0.017883,0.01776,0.017592,0.01747,0.017503,0.016339,0.011306,0.015702,0.034608,0.019542,0.053162,0.0052422,0.079777,-0.078863
37531,0.01786,0.017772,0.017629,0.017428,0.017231,0.01704,0.015695,0.011068,0.012166,0.030017,0.019764,0.053207,0.0042102,0.081518,-0.077443
37538,0.017878,0.017794,0.017649,0.017423,0.017152,0.016904,0.016076,0.013208,0.012412,0.026557,0.019989,0.054003,0.0026666,0.081993,-0.077867
37545,0.018083,0.018042,0.01797,0.017856,0.01773,0.01765,0.017171,0.015274,0.016196,0.031764,0.025063,0.058811,0.0059059,0.084961,-0.077992
37552,0.018144,0.018099,0.018029,0.017951,0.017946,0.01801,0.017057,0.014754,0.01792,0.035337,0.027105,0.060334,0.0084287,0.086745,-0.075779
37559,0.017176,0.017092,0.016993,0.016913,0.016845,0.01632,0.014111,0.010992,0.012543,0.029587,0.022162,0.055809,0.0081413,0.08676,-0.076132
37566,0.015968,0.015879,0.015797,0.0158,0.015933,0.015692,0.013632,0.010401,0.013081,0.032115,0.023376,0.054368,0.0077985,0.08695,-0.076738
37573,0.013369,0.013288,0.013284,0.013509,0.013978,0.013884,0.012486,0.010792,0.012988,0.030346,0.021131,0.052071,0.0050477,0.08358,-0.080303
37580,0.01356,0.013634,0.013788,0.014056,0.014313,0.014043,0.012857,0.010604,0.015405,0.035472,0.024417,0.053991,0.0052227,0.085416,-0.080205
37587,0.013635,0.013734,0.013896,0.014118,0.014264,0.014006,0.013092,0.0099677,0.016279,0.041667,0.026846,0.054716,0.0077477,0.08756,-0.079655
37594,0.014414,0.01437,0.014228,0.013886,0.01338,0.01337,0.014052,0.011853,0.014174,0.037905,0.026272,0.05382,0.0065652,0.0864,-0.081527
37601,0.014109,0.014031,0.01389,0.013659,0.013384,0.013374,0.013718,0.011577,0.012836,0.034293,0.023467,0.053434,0.0058854,0.08499,-0.085122
37608,0.014085,0.014012,0.013885,0.013682,0.013446,0.013425,0.013573,0.011276,0.011014,0.03219,0.023976,0.053761,0.007026,0.085715,-0.080517
37615,0.014105,0.014049,0.013941,0.013738,0.013407,0.013137,0.013263,0.011263,0.0097295,0.030435,0.024327,0.052163,0.0062609,0.084352,-0.082002
37622,0.01364,0.013586,0.01351,0.01341,0.013294,0.013215,0.013259,0.010948,0.0079387,0.026529,0.021988,0.04991,0.0056918,0.08494,-0.0849
37629,0.013655,0.013627,0.013576,0.013481,0.013312,0.013121,0.013134,0.011572,0.0099288,0.028179,0.027092,0.054239,0.0052641,0.086712,-0.084027
37636,0.013528,0.013503,0.013461,0.013384,0.013246,0.013081,0.013019,0.011234,0.0096275,0.028128,0.028869,0.054295,0.0048899,0.087621,-0.084517
37643,0.013472,0.013437,0.013377,0.013273,0.013126,0.013014,0.012834,0.010702,0.0086491,0.026137,0.027022,0.052331,0.004208,0.086696,-0.084177
37650,0.013247,0.013189,0.013102,0.012995,0.012939,0.013048,0.012559,0.0092887,0.010115,0.029433,0.028326,0.053303,0.0049587,0.087258,-0.085894
37657,0.013253,0.013188,0.013084,0.012956,0.012929,0.013261,0.01307,0.0095479,0.0093677,0.028266,0.029224,0.05373,0.0035346,0.08604,-0.085864
37664,0.013284,0.01323,0.013132,0.012972,0.012806,0.012938,0.013216,0.0102,0.0070051,0.024648,0.028718,0.052218,0.0031784,0.086686,-0.087019
37671,0.013287,0.013255,0.013192,0.013068,0.012856,0.01268,0.012888,0.011243,0.0074007,0.022843,0.02867,0.051243,0.0028652,0.086256,-0.087356
37678,0.013254,0.01323,0.013182,0.013089,0.012919,0.012749,0.012797,0.010919,0.0072806,0.022177,0.026107,0.048998,0.002514,0.085942,-0.08806
37685,0.013181,0.013124,0.013016,0.012829,0.012587,0.012578,0.013016,0.010656,0.0056578,0.019663,0.023749,0.047724,0.0018882,0.085405,-0.088845
37692,0.012558,0.012476,0.012349,0.012152,0.011821,0.011254,0.010535,0.0080657,0.0066425,0.022544,0.023242,0.047537,0.00019618,0.084679,-0.090903
37699,0.012883,0.012859,0.01281,0.012705,0.012495,0.012108,0.011264,0.0089327,0.011084,0.028571,0.028519,0.05354,0.0032774,0.087798,-0.088796
37706,0.013018,0.012978,0.01289,0.012705,0.012388,0.012072,0.011816,0.0098522,0.0093781,0.025062,0.0286,0.053434,0.0027101,0.087888,-0.085961
37713,0.012877,0.012835,0.01276,0.012631,0.012403,0.011971,0.011042,0.0086222,0.0089855,0.024052,0.027442,0.054537,0.0029116,0.087604,-0.08844
37720,0.012974,0.012941,0.012872,0.012732,0.012457,0.01197,0.011163,0.009184,0.0085547,0.0222,0.027263,0.05375,0.0018745,0.087495,-0.088077
37727,0.013192,0.013179,0.013142,0.013045,0.012839,0.012536,0.012303,0.011429,0.010374,0.02254,0.028185,0.053613,0.0015434,0.087318,-0.088091
37734,0.013068,0.013043,0.012998,0.01292,0.012781,0.012522,0.012035,0.0108,0.010169,0.022713,0.029322,0.053958,0.00096457,0.086624,-0.090244
37741,0.013081,0.013045,0.012976,0.012846,0.012613,0.012196,0.011718,0.011415,0.0070888,0.016834,0.029213,0.051957,0.00029692,0.085051,-0.090105
37748,0.012982,0.012916,0.012802,0.012611,0.012316,0.011826,0.010891,0.0098631,0.0066709,0.014427,0.024196,0.050579,-0.00038938,0.084837,-0.090452
37755,0.012968,0.012936,0.012881,0.01278,0.012552,0.011937,0.010804,0.010463,0.0080002,0.013262,0.021639,0.047857,-0.0030934,0.083274,-0.093561
37762,0.013041,0.012942,0.012773,0.012523,0.012243,0.011785,0.0097309,0.0076834,0.0083643,0.015099,0.018858,0.046521,-0.0042023,0.082128,-0.095617
37769,0.013078,0.012963,0.012772,0.012499,0.012239,0.012033,0.010618,0.0089415,0.0085505,0.012673,0.017101,0.048924,-0.0019648,0.082981,-0.093565
37776,0.012965,0.01283,0.012613,0.012313,0.012019,0.011675,0.00986,0.0079227,0.007864,0.011048,0.014599,0.047781,-0.0040548,0.083677,-0.09268
37783,0.012027,0.011822,0.011511,0.011104,0.010724,0.010413,0.0088798,0.0065025,0.0071816,0.011657,0.013719,0.047027,-0.0061699,0.082146,-0.09447
37790,0.010769,0.010579,0.010331,0.0101,0.010065,0.01021,0.0090982,0.0061655,0.0079755,0.015049,0.016323,0.049807,-0.005311,0.083716,-0.093922
37797,0.0099341,0.0097909,0.009614,0.0094767,0.009551,0.0098583,0.0087191,0.0041892,0.0091462,0.018307,0.013714,0.050431,-0.0050269,0.085405,-0.09378
37804,0.011155,0.011095,0.010953,0.010672,0.010351,0.010621,0.011021,0.0078318,0.00855,0.015497,0.015924,0.053114,-0.0034034,0.086184,-0.094516
37811,0.010998,0.010941,0.010837,0.010668,0.01048,0.010592,0.010901,0.0080576,0.0080818,0.016597,0.019501,0.055476,-0.0024373,0.087949,-0.091449
37818,0.010877,0.010818,0.010722,0.010587,0.010492,0.010713,0.011,0.0082078,0.0087353,0.019312,0.023465,0.059246,-0.00012254,0.089,-0.088636
37825,0.010862,0.010802,0.010703,0.010569,0.010494,0.010739,0.010871,0.0081407,0.0085523,0.020231,0.028408,0.062764,0.001147,0.089796,-0.087574
37832,0.010878,0.010841,0.010777,0.010678,0.010593,0.010789,0.011249,0.0089636,0.0089632,0.022857,0.035282,0.066735,0.0023393,0.090964,-0.082771
37839,0.010974,0.010944,0.010889,0.010802,0.010739,0.010992,0.011793,0.011135,0.012583,0.024521,0.032375,0.064936,0.0021207,0.091098,-0.083681
37846,0.010968,0.010932,0.010873,0.010789,0.010754,0.011029,0.011272,0.0087453,0.012182,0.029538,0.036412,0.068175,0.0069793,0.09478,-0.080806
37853,0.010973,0.01094,0.01088,0.010787,0.01072,0.010978,0.011452,0.0090716,0.012203,0.028864,0.033947,0.065592,0.004108,0.090835,-0.08396
37860,0.010946,0.010895,0.010819,0.010741,0.01081,0.011326,0.011445,0.008588,0.015676,0.034555,0.035207,0.067807,0.0038857,0.0901,-0.082732
37867,0.011066,0.011021,0.010947,0.010849,0.010846,0.011277,0.011589,0.0092182,0.01591,0.033884,0.036881,0.069256,0.0035121,0.090386,-0.083894
37874,0.011073,0.011032,0.01096,0.010853,0.010803,0.011173,0.01168,0.008558,0.010136,0.02588,0.031003,0.064282,0.0023693,0.08836,-0.085629
37881,0.011069,0.011019,0.010933,0.010817,0.010791,0.011282,0.011747,0.0077798,0.010486,0.025958,0.027315,0.062444,0.0023816,0.08778,-0.086194
37888,0.011071,0.011023,0.010941,0.010825,0.010782,0.011225,0.011773,0.0081435,0.010734,0.025576,0.027047,0.061655,0.0010608,0.086462,-0.086299
37895,0.011041,0.010991,0.010916,0.010842,0.010923,0.011465,0.011634,0.0074156,0.0080893,0.023197,0.02518,0.059113,0.00048847,0.085393,-0.087222
37902,0.011037,0.010988,0.010916,0.010848,0.010926,0.011397,0.011474,0.0085275,0.011062,0.026391,0.028564,0.062215,0.0047537,0.087467,-0.084991
37909,0.011011,0.010945,0.010857,0.010803,0.011007,0.011713,0.011325,0.0078239,0.013695,0.02992,0.029935,0.063943,0.0060902,0.088816,-0.085517
37916,0.011008,0.010924,0.010806,0.010719,0.010942,0.011881,0.012217,0.010744,0.016034,0.02879,0.02733,0.060366,0.0040474,0.086818,-0.087625
37923,0.010999,0.010916,0.010805,0.010737,0.010988,0.011852,0.011455,0.008538,0.015308,0.030618,0.027369,0.061196,0.0053257,0.086296,-0.087061
37930,0.011017,0.011067,0.011166,0.011337,0.011555,0.011768,0.011616,0.0089842,0.016467,0.033667,0.02902,0.061302,0.0044261,0.08626,-0.087603
37937,0.011052,0.011161,0.011334,0.011556,0.011672,0.011565,0.011989,0.010646,0.018095,0.034515,0.029352,0.062188,0.0044858,0.08565,-0.087376
37944,0.011074,0.011204,0.011404,0.011641,0.011716,0.011443,0.011482,0.0080299,0.014952,0.03449,0.026088,0.059051,0.0032174,0.085295,-0.087167
37951,0.011079,0.011217,0.011423,0.011648,0.011652,0.01127,0.011746,0.0090523,0.01564,0.03614,0.026489,0.058309,0.0030094,0.084752,-0.087046
37958,0.011722,0.011728,0.011669,0.011434,0.010976,0.010974,0.012763,0.011363,0.017294,0.037946,0.028579,0.059656,0.0055175,0.084655,-0.086258
37965,0.011642,0.011626,0.011568,0.011393,0.011008,0.010724,0.011931,0.010805,0.014921,0.034625,0.027669,0.058852,0.0051893,0.084345,-0.085596
37972,0.011362,0.011339,0.011302,0.011243,0.011163,0.011217,0.011777,0.0091831,0.012826,0.03361,0.026263,0.056623,0.0036884,0.08379,-0.086914
37979,0.011255,0.011271,0.011296,0.011316,0.011263,0.011163,0.011775,0.010493,0.013779,0.032288,0.026592,0.058735,0.0056647,0.080591,-0.089109
37986,0.01105,0.011031,0.011,0.010961,0.010946,0.011141,0.011847,0.010505,0.013054,0.031117,0.029572,0.05988,0.0038265,0.08255,-0.08294
37993,0.010951,0.01092,0.010871,0.01081,0.010789,0.010994,0.011568,0.010826,0.014276,0.030253,0.028544,0.059208,0.0038669,0.08285,-0.084981
38000,0.010855,0.010822,0.010772,0.010707,0.010684,0.010884,0.011093,0.0088847,0.011882,0.028054,0.023933,0.055694,0.0029298,0.081963,-0.082946
38007,0.010869,0.010844,0.010799,0.010725,0.010655,0.010803,0.011177,0.0093761,0.012209,0.028539,0.025067,0.055024,0.0027869,0.081769,-0.085693
38014,0.010862,0.010814,0.010735,0.010637,0.010647,0.011125,0.01123,0.0072488,0.01429,0.034943,0.026435,0.057749,0.0035452,0.082593,-0.086779
38021,0.010861,0.010826,0.010765,0.010675,0.010649,0.011147,0.012158,0.0091984,0.013299,0.031532,0.025894,0.057625,0.0026452,0.082649,-0.085236
38028,0.010875,0.010861,0.010826,0.010747,0.010628,0.010816,0.012147,0.011208,0.012446,0.028378,0.026371,0.055899,0.0027174,0.082286,-0.083122
38035,0.010772,0.010783,0.0108,0.010813,0.010774,0.01072,0.011126,0.0095566,0.011309,0.029038,0.026473,0.05452,0.0032683,0.081286,-0.086046
38042,0.010771,0.010797,0.010832,0.010855,0.010795,0.010693,0.011183,0.0099218,0.011128,0.028477,0.026105,0.054582,0.004238,0.08097,-0.083388
38049,0.010909,0.01091,0.01089,0.010808,0.010623,0.010566,0.011397,0.010867,0.012522,0.029098,0.02681,0.05517,0.0045865,0.080223,-0.08477
38056,0.010773,0.01076,0.010735,0.010683,0.010591,0.010574,0.01095,0.009534,0.010118,0.02457,0.020732,0.050585,0.0021002,0.078429,-0.087238
38063,0.010772,0.010748,0.010704,0.010633,0.010574,0.010743,0.01109,0.0088616,0.0099852,0.025147,0.019523,0.050406,0.0021043,0.078747,-0.085671
38070,0.010778,0.010759,0.010718,0.010641,0.01054,0.010634,0.011191,0.009459,0.0094678,0.023904,0.020363,0.050419,0.0019903,0.078622,-0.089688
38077,0.010784,0.010782,0.010768,0.010714,0.010563,0.010408,0.011032,0.010768,0.010995,0.025098,0.022092,0.05231,0.0040781,0.08012,-0.085056
38084,0.010868,0.010891,0.010924,0.010951,0.010919,0.010839,0.01146,0.012059,0.014245,0.030576,0.027907,0.055734,0.0059819,0.081317,-0.085654
38091,0.010866,0.01086,0.010845,0.010821,0.010838,0.011158,0.011951,0.011471,0.017507,0.036141,0.029633,0.058804,0.0071466,0.082334,-0.085488
38098,0.010856,0.010848,0.010835,0.010828,0.010932,0.011615,0.01344,0.013856,0.019009,0.037227,0.031094,0.059223,0.0067116,0.082986,-0.08469
38105,0.010854,0.010838,0.010813,0.010795,0.01091,0.011681,0.01354,0.01347,0.020745,0.041045,0.032001,0.059465,0.0067342,0.083309,-0.08456
38112,0.010855,0.010817,0.010753,0.010688,0.010828,0.011941,0.01449,0.014462,0.021057,0.040897,0.033829,0.062577,0.0080159,0.083613,-0.083506
38119,0.010801,0.010792,0.010797,0.010888,0.011356,0.013103,0.016767,0.017652,0.024202,0.044313,0.036753,0.065183,0.0091595,0.083526,-0.081325
38126,0.010757,0.010773,0.010833,0.011046,0.01174,0.013676,0.017128,0.018024,0.024829,0.044183,0.034899,0.06486,0.0086199,0.082232,-0.079694
38133,0.010731,0.010843,0.011071,0.011529,0.01241,0.014112,0.017506,0.019723,0.023764,0.040513,0.034843,0.063919,0.0079668,0.080681,-0.072605
38140,0.011054,0.011175,0.011407,0.01187,0.01282,0.014664,0.017368,0.019118,0.026317,0.043409,0.034401,0.063641,0.0083186,0.080733,-0.078739
38147,0.011642,0.011759,0.011984,0.012469,0.01362,0.016078,0.018905,0.019967,0.02832,0.045454,0.03318,0.06392,0.0097604,0.080358,-0.077036
38154,0.012337,0.01243,0.012635,0.013181,0.014717,0.017974,0.020301,0.020108,0.03018,0.045717,0.030668,0.063191,0.009262,0.079219,-0.070692
38161,0.012647,0.012686,0.012822,0.013311,0.014878,0.018286,0.020472,0.020868,0.029933,0.043695,0.030692,0.062733,0.0091011,0.078287,-0.076253
38168,0.013424,0.013458,0.013552,0.013886,0.01509,0.01822,0.021406,0.02348,0.028233,0.038611,0.031751,0.060796,0.0081967,0.077043,-0.074748
38175,0.013129,0.013189,0.013376,0.013923,0.015345,0.017976,0.019461,0.01993,0.026506,0.037905,0.0301,0.059609,0.0074225,0.076841,-0.076218
38182,0.013589,0.013638,0.013775,0.014204,0.015505,0.018365,0.020029,0.019061,0.027481,0.040327,0.0294,0.059313,0.0083174,0.076701,-0.074674
38189,0.014063,0.014147,0.014326,0.014766,0.015931,0.018522,0.020688,0.020074,0.028822,0.041742,0.029031,0.058243,0.0074421,0.076657,-0.075355
38196,0.014599,0.014681,0.014829,0.015153,0.016046,0.018444,0.021617,0.021983,0.029826,0.042144,0.030381,0.060206,0.0091029,0.077522,-0.071366
38203,0.015244,0.015275,0.015327,0.015473,0.016093,0.018156,0.020787,0.019896,0.02737,0.0401,0.028823,0.057577,0.0068635,0.076061,-0.077594
38210,0.015907,0.015882,0.015818,0.01574,0.015992,0.01773,0.020577,0.019563,0.024721,0.036598,0.027616,0.055736,0.0060824,0.0753,-0.079564
38217,0.015798,0.015833,0.015912,0.016111,0.016642,0.018087,0.020311,0.018562,0.024163,0.036004,0.025518,0.055033,0.0064699,0.07615,-0.079911
38224,0.016123,0.016173,0.016261,0.016441,0.016942,0.01853,0.021348,0.01966,0.024308,0.036409,0.026176,0.055226,0.006326,0.076219,-0.0808
38231,0.016547,0.016587,0.016649,0.016777,0.0172,0.018662,0.021219,0.019528,0.022715,0.033559,0.024619,0.053537,0.0045974,0.075996,-0.082366
38238,0.017311,0.017329,0.017331,0.017323,0.017534,0.018967,0.022422,0.023208,0.024299,0.032457,0.026258,0.053157,0.0049475,0.07615,-0.081642
38245,0.017753,0.01774,0.017709,0.01769,0.017948,0.019303,0.021471,0.020057,0.023829,0.035249,0.025522,0.052385,0.0045176,0.07683,-0.082931
38252,0.018279,0.018264,0.018228,0.018198,0.018451,0.019905,0.022368,0.020528,0.023318,0.034369,0.022688,0.048981,0.001926,0.074539,-0.084234
38259,0.018091,0.01805,0.018044,0.018252,0.019206,0.021495,0.022889,0.020327,0.025586,0.036981,0.023136,0.050328,0.0030818,0.07556,-0.085216
38266,0.018005,0.01802,0.018136,0.018589,0.019932,0.022452,0.023223,0.020694,0.026869,0.038019,0.024841,0.053519,0.0044064,0.076819,-0.084376
38273,0.018341,0.018397,0.018562,0.019043,0.02032,0.022549,0.022821,0.020998,0.024079,0.032351,0.023327,0.051534,0.0034602,0.075864,-0.083539
38280,0.018787,0.018834,0.018964,0.019362,0.020497,0.022594,0.022549,0.020812,0.024244,0.03267,0.022965,0.049612,0.0021598,0.074167,-0.08464
38287,0.019311,0.019355,0.019474,0.019841,0.020931,0.023058,0.02283,0.019866,0.025545,0.035902,0.022719,0.050976,0.0033513,0.074807,-0.08423
38294,0.020354,0.020553,0.020865,0.021314,0.021889,0.022752,0.023975,0.02401,0.025553,0.032561,0.023296,0.051737,0.004273,0.074267,-0.078523
38301,0.020712,0.021025,0.021538,0.02227,0.022976,0.023301,0.024857,0.026167,0.028849,0.036413,0.024667,0.052241,0.0045078,0.0754,-0.081637
38308,0.021122,0.021498,0.022102,0.022928,0.023598,0.023515,0.025372,0.028837,0.029541,0.033298,0.023716,0.05054,0.00238,0.073232,-0.082668
38315,0.021642,0.021996,0.022559,0.023334,0.02404,0.024239,0.025865,0.028084,0.032243,0.03752,0.023419,0.051068,0.00021502,0.072264,-0.082342
38322,0.023107,0.023224,0.023322,0.023314,0.023285,0.024224,0.027146,0.02796,0.03157,0.037967,0.024816,0.054918,0.0031329,0.074808,-0.077867
38329,0.023685,0.023726,0.02374,0.023673,0.0236,0.024364,0.027311,0.028469,0.029938,0.034307,0.022424,0.050561,0.00047885,0.071907,-0.081822
38336,0.024012,0.023974,0.023888,0.023749,0.023801,0.025073,0.02819,0.028594,0.030891,0.035844,0.020375,0.049386,0.00089113,0.069739,-0.081466
38343,0.023998,0.02397,0.023931,0.02392,0.02418,0.025561,0.028794,0.029752,0.032359,0.037065,0.021144,0.050915,0.0034849,0.070293,-0.079814
38350,0.02395,0.023923,0.023913,0.024021,0.024598,0.026332,0.028795,0.028715,0.033343,0.039654,0.022494,0.052536,0.0056744,0.070055,-0.077087
38357,0.023668,0.023788,0.024044,0.024566,0.025501,0.026932,0.029161,0.029856,0.034236,0.040024,0.02267,0.051355,0.0045231,0.066616,-0.078957
38364,0.024252,0.024369,0.024579,0.02498,0.025807,0.027453,0.029624,0.030225,0.034917,0.039565,0.022612,0.051331,0.0022697,0.064412,-0.078642
38371,0.024824,0.024849,0.024903,0.025096,0.025865,0.028009,0.030211,0.030263,0.034994,0.03966,0.022565,0.04971,0.00099112,0.061674,-0.078849
38378,0.025396,0.025402,0.025421,0.025545,0.026187,0.028249,0.030364,0.029132,0.03527,0.041051,0.022226,0.04988,0.0014732,0.061449,-0.079838
38385,0.025672,0.025663,0.025674,0.025818,0.026552,0.028811,0.031126,0.029037,0.035654,0.04292,0.021789,0.048518,0.0005791,0.059539,-0.080549
38392,0.025617,0.02572,0.02593,0.026356,0.027182,0.028737,0.03122,0.031505,0.034469,0.038828,0.021324,0.045584,-0.00097033,0.055908,-0.082206
38399,0.025538,0.025743,0.026143,0.026895,0.028123,0.029622,0.03104,0.030838,0.036784,0.04313,0.02307,0.047002,0.00077823,0.057893,-0.081119
38406,0.026237,0.026403,0.026696,0.027235,0.028292,0.030223,0.032176,0.031919,0.037648,0.043315,0.023843,0.048186,0.0028638,0.059812,-0.07845
38413,0.026966,0.027078,0.027277,0.027686,0.028683,0.030881,0.033143,0.033488,0.038441,0.043959,0.02686,0.049996,0.0040865,0.059766,-0.077328
38420,0.027451,0.027515,0.027648,0.027998,0.029011,0.031309,0.033247,0.033415,0.038901,0.045916,0.029721,0.051431,0.0056551,0.059869,-0.075807
38427,0.028094,0.028222,0.028454,0.028898,0.029814,0.031647,0.033853,0.035117,0.04024,0.046476,0.030261,0.050371,0.0051766,0.058831,-0.074604
38434,0.028191,0.028451,0.028918,0.029706,0.030815,0.032063,0.03419,0.036593,0.041903,0.048276,0.031647,0.050553,0.0061489,0.057967,-0.072747
38441,0.028328,0.028661,0.029226,0.030083,0.031049,0.031798,0.034414,0.037922,0.041498,0.047574,0.031717,0.049656,0.0060268,0.056503,-0.072642
38448,0.028695,0.029081,0.029708,0.03059,0.031388,0.031602,0.0342,0.038458,0.039083,0.043482,0.030913,0.048937,0.0059138,0.055762,-0.07186
38455,0.029444,0.029766,0.030243,0.030816,0.031183,0.031347,0.034599,0.038752,0.038052,0.043231,0.030268,0.04732,0.0057459,0.054737,-0.072666
38462,0.029893,0.03009,0.030378,0.030735,0.031059,0.031445,0.033535,0.035544,0.035143,0.041617,0.027755,0.04467,0.004837,0.053188,-0.074471
38469,0.030562,0.030646,0.030739,0.030818,0.030964,0.03187,0.034861,0.037059,0.03658,0.043008,0.028602,0.044268,0.0050632,0.052493,-0.074783
38476,0.030738,0.030786,0.030858,0.030981,0.031304,0.032418,0.035077,0.036133,0.036315,0.043209,0.02728,0.043166,0.0053808,0.053,-0.073493
38483,0.030625,0.030714,0.030894,0.031257,0.031961,0.03325,0.035503,0.036518,0.037408,0.044149,0.027815,0.043466,0.0055333,0.051842,-0.07414
38490,0.030599,0.030758,0.031056,0.031593,0.032456,0.033698,0.035739,0.035899,0.036087,0.042822,0.025958,0.042394,0.0048354,0.049839,-0.075823
38497,0.030574,0.030784,0.031176,0.031873,0.032952,0.034264,0.035932,0.035738,0.036145,0.043209,0.02593,0.041736,0.0042985,0.05001,-0.074466
38504,0.031137,0.031336,0.03168,0.032259,0.033188,0.034505,0.036201,0.036902,0.034637,0.038132,0.024462,0.03893,0.0022994,0.04752,-0.076717
38511,0.031639,0.031739,0.031925,0.032322,0.03327,0.035052,0.035922,0.034873,0.035851,0.041685,0.025336,0.038688,0.0017514,0.047189,-0.078338
38518,0.032166,0.032234,0.032359,0.032657,0.033518,0.035643,0.037505,0.035873,0.037304,0.043939,0.027094,0.040638,0.003997,0.050475,-0.076394
38525,0.032808,0.032843,0.0329,0.033052,0.033643,0.035521,0.037921,0.037105,0.035703,0.039854,0.02537,0.038383,0.0023293,0.047244,-0.079558
38532,0.033176,0.033271,0.033441,0.033755,0.034408,0.035903,0.038061,0.036711,0.035651,0.041213,0.025839,0.03902,0.0031256,0.047316,-0.079953
38539,0.033079,0.033309,0.033729,0.034442,0.035451,0.036666,0.038901,0.038491,0.037424,0.042548,0.027025,0.040101,0.003563,0.048121,-0.079088
38546,0.033648,0.03385,0.034184,0.034714,0.035539,0.036996,0.039676,0.039416,0.03794,0.042876,0.028639,0.041321,0.0040912,0.04913,-0.074921
38553,0.034162,0.034301,0.034532,0.034932,0.035725,0.037464,0.040096,0.039219,0.03853,0.044098,0.028452,0.041102,0.0033316,0.049225,-0.076858
38560,0.034678,0.034756,0.034892,0.035177,0.035958,0.038013,0.040557,0.038732,0.040208,0.046512,0.02907,0.042605,0.0037582,0.049648,-0.076432
38567,0.035298,0.035378,0.035508,0.035758,0.036417,0.03833,0.041374,0.040414,0.040829,0.045609,0.029487,0.043775,0.0038872,0.049597,-0.076836
38574,0.035409,0.035537,0.035781,0.036253,0.037175,0.038937,0.041481,0.040864,0.042282,0.047211,0.030742,0.045028,0.0043151,0.049829,-0.074918
38581,0.035591,0.035766,0.036089,0.036679,0.037713,0.039432,0.041648,0.04016,0.041497,0.046064,0.029408,0.04416,0.0030436,0.048706,-0.072308
38588,0.036165,0.036292,0.036508,0.0369,0.037732,0.039591,0.042042,0.040442,0.040457,0.043855,0.027919,0.04312,0.0016523,0.047902,-0.074363
38595,0.036794,0.036844,0.036924,0.037109,0.037729,0.039502,0.041863,0.041724,0.038268,0.03833,0.0279,0.040424,0.0012768,0.046011,-0.076799
38602,0.036836,0.036823,0.036809,0.036847,0.037163,0.038215,0.039187,0.038017,0.039445,0.043041,0.028102,0.041151,0.0044653,0.04826,-0.073137
38609,0.037545,0.037557,0.037566,0.037603,0.037893,0.039086,0.040512,0.038522,0.03906,0.043338,0.026991,0.041289,0.0050023,0.047847,-0.074569
38616,0.038102,0.038134,0.038185,0.038307,0.038739,0.040097,0.041872,0.04046,0.03938,0.042718,0.028149,0.040991,0.0049649,0.047784,-0.073392
38623,0.038099,0.038218,0.03845,0.038899,0.039709,0.040994,0.042657,0.042286,0.041741,0.044001,0.029462,0.042067,0.004763,0.048354,-0.073902
38630,0.03858,0.038719,0.038982,0.039495,0.040502,0.042141,0.043504,0.043261,0.043362,0.04486,0.031359,0.042535,0.0053873,0.048328,-0.074174
38637,0.039167,0.039207,0.039298,0.039582,0.040531,0.042759,0.044076,0.042932,0.044149,0.046316,0.032419,0.043984,0.0065688,0.048834,-0.071699
38644,0.039743,0.039762,0.039822,0.040067,0.040973,0.043136,0.044094,0.04245,0.044399,0.046275,0.032113,0.044866,0.0068778,0.049478,-0.070506
38651,0.040462,0.040496,0.040561,0.040748,0.041413,0.043235,0.044823,0.044206,0.04605,0.047729,0.033833,0.046484,0.0080552,0.050186,-0.069069
38658,0.040616,0.040865,0.041297,0.04196,0.042693,0.043249,0.045087,0.04641,0.046458,0.047628,0.035048,0.046776,0.0082619,0.050482,-0.067606
38665,0.040862,0.041246,0.041882,0.042788,0.043588,0.043663,0.045449,0.046392,0.046742,0.049351,0.034886,0.047471,0.0087673,0.050508,-0.066928
38672,0.04115,0.041549,0.042194,0.043091,0.043858,0.043862,0.045943,0.048529,0.045683,0.045116,0.03393,0.045109,0.0067437,0.047797,-0.069512
38679,0.041711,0.042057,0.042602,0.04334,0.043986,0.044076,0.0455,0.046344,0.043872,0.045722,0.03346,0.04502,0.008101,0.04811,-0.068571
38686,0.042901,0.043068,0.043263,0.043401,0.04342,0.04392,0.046498,0.046937,0.044554,0.046982,0.033836,0.045525,0.0077858,0.047581,-0.06852
38693,0.043284,0.043386,0.043514,0.043633,0.043735,0.044323,0.046882,0.047302,0.044734,0.047142,0.034412,0.045896,0.0081591,0.047754,-0.068234
38700,0.043532,0.043651,0.043824,0.044026,0.044178,0.044586,0.047137,0.047673,0.04379,0.045662,0.033926,0.044948,0.0074728,0.047046,-0.068768
38707,0.043483,0.043631,0.043867,0.044188,0.044474,0.04487,0.047355,0.047254,0.044593,0.048167,0.034167,0.044889,0.0072176,0.047394,-0.069303
38714,0.043678,0.043826,0.044056,0.044365,0.044677,0.045221,0.047625,0.046695,0.043319,0.046164,0.033027,0.04429,0.00577,0.045529,-0.069644
38721,0.043763,0.043903,0.044133,0.044471,0.044875,0.045421,0.047238,0.046247,0.043007,0.044876,0.032416,0.043892,0.0058095,0.045829,-0.071655
38728,0.044195,0.044291,0.044441,0.044678,0.0451,0.046015,0.047642,0.046309,0.044441,0.04643,0.03331,0.044636,0.0063148,0.046863,-0.069699
38735,0.044709,0.044737,0.044768,0.044826,0.045108,0.046192,0.04767,0.045448,0.043238,0.044055,0.031092,0.044163,0.0047969,0.045161,-0.072804
38742,0.0452,0.045182,0.045144,0.045124,0.045389,0.046599,0.047813,0.045173,0.045059,0.046574,0.032371,0.046274,0.006092,0.047071,-0.071793
38749,0.045456,0.045468,0.045498,0.045607,0.046033,0.047316,0.04868,0.045856,0.046761,0.048754,0.033099,0.047607,0.0055896,0.047182,-0.071929
38756,0.045402,0.045449,0.045552,0.045795,0.046398,0.047876,0.049887,0.047076,0.04713,0.048918,0.033434,0.048531,0.0047389,0.046203,-0.071791
38763,0.045378,0.04554,0.045835,0.046335,0.047059,0.048087,0.050152,0.048387,0.047771,0.049025,0.033786,0.049229,0.0045056,0.045804,-0.071612
38770,0.045377,0.045633,0.046081,0.046791,0.047641,0.048336,0.050228,0.049693,0.047562,0.047715,0.033923,0.048161,0.0031964,0.044244,-0.072433
38777,0.046138,0.046318,0.046611,0.047081,0.047835,0.048958,0.050067,0.048416,0.048176,0.048904,0.03372,0.049114,0.0044279,0.045337,-0.072412
38784,0.04671,0.04679,0.046932,0.047238,0.048038,0.049734,0.05077,0.048929,0.049113,0.049612,0.035187,0.051215,0.0069218,0.047231,-0.068031
38791,0.047223,0.047275,0.047384,0.04767,0.04849,0.05018,0.050581,0.047946,0.048509,0.049211,0.034353,0.050881,0.007308,0.047878,-0.069641
38798,0.047825,0.04784,0.047877,0.048028,0.04866,0.050312,0.050892,0.04796,0.048735,0.049371,0.034013,0.050605,0.0065171,0.04751,-0.069402
38805,0.047981,0.04808,0.048267,0.048626,0.049288,0.05035,0.051093,0.049328,0.049408,0.050023,0.035654,0.051375,0.0083774,0.049419,-0.064993
38812,0.048071,0.048231,0.048522,0.049026,0.049795,0.05079,0.051782,0.049788,0.049111,0.049822,0.035329,0.051842,0.0090685,0.050236,-0.06667
38819,0.04876,0.048924,0.049187,0.049593,0.050209,0.05123,0.052428,0.049741,0.04986,0.05232,0.036139,0.053301,0.011247,0.051998,-0.064216
38826,0.049042,0.049158,0.049346,0.049653,0.050176,0.051142,0.05215,0.048872,0.048606,0.051751,0.035812,0.054321,0.012252,0.053075,-0.064079
38833,0.049811,0.049857,0.049909,0.049985,0.050303,0.051572,0.053197,0.049765,0.050261,0.053947,0.036189,0.055139,0.01202,0.053303,-0.063087
38840,0.050412,0.050409,0.050379,0.050326,0.050445,0.051412,0.052721,0.049665,0.050343,0.053629,0.035932,0.056458,0.012954,0.053483,-0.061679
38847,0.05058,0.050568,0.050542,0.050519,0.050657,0.051485,0.052749,0.049886,0.050811,0.05446,0.035463,0.055788,0.012073,0.052171,-0.061859
38854,0.050528,0.050546,0.050587,0.050688,0.050958,0.051701,0.052678,0.049184,0.05016,0.054844,0.034998,0.056561,0.013484,0.053423,-0.060309
38861,0.050481,0.050547,0.050685,0.050973,0.051537,0.052472,0.053245,0.049613,0.049528,0.053695,0.034381,0.05554,0.012341,0.051493,-0.062248
38868,0.050815,0.050877,0.050991,0.051219,0.051731,0.052779,0.053384,0.049022,0.050709,0.056854,0.034823,0.056366,0.013103,0.052949,-0.060198
38875,0.05123,0.051297,0.051412,0.051628,0.052111,0.053201,0.054143,0.05013,0.049975,0.055218,0.034175,0.055293,0.011195,0.050881,-0.062299
38882,0.051826,0.051891,0.051996,0.052193,0.05268,0.053881,0.054688,0.049819,0.050972,0.057277,0.034545,0.055947,0.010926,0.05065,-0.062768
38889,0.052799,0.05289,0.053023,0.053234,0.053702,0.054952,0.056218,0.052075,0.052236,0.057364,0.035862,0.057066,0.011562,0.052127,-0.061906
38896,0.053237,0.053325,0.053471,0.053725,0.054253,0.055429,0.056574,0.05273,0.052962,0.058578,0.037516,0.057824,0.012511,0.053254,-0.060109
38903,0.053021,0.053127,0.053333,0.053727,0.054416,0.055414,0.056002,0.051709,0.052956,0.05871,0.036534,0.058412,0.012422,0.053453,-0.060029
38910,0.05329,0.053396,0.053578,0.053886,0.054411,0.055339,0.056308,0.052535,0.052262,0.055529,0.035507,0.057775,0.010536,0.051714,-0.061701
38917,0.053615,0.053719,0.053891,0.054165,0.054582,0.055193,0.055912,0.053734,0.051417,0.052565,0.036587,0.056632,0.010689,0.051576,-0.061954
38924,0.05373,0.053781,0.053867,0.054017,0.054294,0.054756,0.055085,0.053398,0.050523,0.051023,0.036856,0.055488,0.011019,0.051233,-0.062526
38931,0.053671,0.053674,0.053688,0.053753,0.05399,0.054498,0.054364,0.051548,0.049256,0.050479,0.035641,0.054417,0.010886,0.050975,-0.063471
38938,0.052954,0.052934,0.052937,0.053026,0.05332,0.053855,0.05398,0.051229,0.048746,0.050164,0.035512,0.053452,0.010565,0.05102,-0.063105
38945,0.053011,0.053009,0.053015,0.053061,0.05325,0.053832,0.054596,0.05255,0.048335,0.0477,0.035356,0.052505,0.0095639,0.050471,-0.064156
38952,0.052958,0.05295,0.052947,0.052983,0.053166,0.053678,0.054105,0.051895,0.048206,0.047781,0.034827,0.051884,0.0092274,0.049686,-0.065343
38959,0.053023,0.053002,0.052977,0.05298,0.053141,0.053658,0.053892,0.051794,0.04751,0.046105,0.035088,0.051423,0.0088812,0.049238,-0.065452
38966,0.053019,0.053005,0.052993,0.053013,0.05316,0.053512,0.053309,0.050744,0.047266,0.046806,0.035249,0.051212,0.0095372,0.049583,-0.065605
38973,0.053023,0.053009,0.052994,0.053006,0.053142,0.053522,0.05344,0.050883,0.04736,0.046454,0.034823,0.050819,0.0091571,0.048918,-0.066286
38980,0.053027,0.053004,0.052976,0.052968,0.05309,0.053491,0.053374,0.050526,0.047628,0.04698,0.034465,0.050565,0.0088849,0.048361,-0.066767
38987,0.05298,0.05297,0.052957,0.052954,0.052994,0.053117,0.05278,0.049569,0.045573,0.04476,0.033292,0.048772,0.0077471,0.047612,-0.067496
38994,0.05293,0.052944,0.052972,0.053025,0.053088,0.053077,0.052783,0.050197,0.044013,0.042151,0.034175,0.048195,0.0078349,0.048057,-0.068227
39001,0.052928,0.052928,0.052937,0.052974,0.053095,0.053322,0.052876,0.049434,0.047321,0.04893,0.036247,0.049827,0.0094811,0.050697,-0.066112
39008,0.052947,0.052939,0.052926,0.052917,0.052979,0.053308,0.053464,0.050133,0.047167,0.048147,0.035183,0.049582,0.0091597,0.050252,-0.066039
39015,0.052947,0.052937,0.052921,0.052907,0.05296,0.053298,0.053798,0.0514,0.047538,0.047377,0.035602,0.049481,0.0091809,0.050008,-0.066153
39022,0.052945,0.053012,0.05312,0.053254,0.053261,0.052858,0.052609,0.050462,0.044196,0.043152,0.034324,0.047445,0.0077413,0.047456,-0.068268
39029,0.052949,0.053024,0.053143,0.05329,0.053328,0.052986,0.052635,0.050182,0.045372,0.045531,0.034504,0.047906,0.0085442,0.047966,-0.068326
39036,0.052958,0.053021,0.053116,0.053232,0.053279,0.053133,0.052851,0.049107,0.045462,0.047481,0.033324,0.047564,0.0079468,0.04788,-0.069112
39043,0.052969,0.053043,0.053154,0.053274,0.053256,0.052923,0.052802,0.049647,0.044647,0.045499,0.032414,0.046763,0.0072689,0.047612,-0.069819
39050,0.053323,0.05332,0.053282,0.053162,0.052942,0.052824,0.052655,0.048477,0.043801,0.045592,0.031484,0.046262,0.0068788,0.047292,-0.070211
39057,0.053305,0.053231,0.053091,0.052866,0.052656,0.052837,0.052411,0.045879,0.041979,0.045778,0.030166,0.046694,0.0062929,0.047137,-0.070821
39064,0.053298,0.05317,0.052947,0.052623,0.052439,0.053241,0.05394,0.046394,0.043336,0.048773,0.029721,0.047859,0.0071713,0.048775,-0.070042
39071,0.053292,0.053172,0.052965,0.052655,0.052419,0.053004,0.054144,0.04835,0.043971,0.048161,0.030197,0.048272,0.0075962,0.049528,-0.069587
39078,0.053276,0.053171,0.052994,0.052733,0.052526,0.052907,0.053568,0.048188,0.044826,0.049244,0.03074,0.048919,0.0075097,0.049912,-0.069235
39085,0.052911,0.052881,0.052849,0.052828,0.052832,0.052941,0.053325,0.049201,0.044876,0.047745,0.031554,0.049003,0.0071866,0.049648,-0.069208
39092,0.05295,0.052946,0.052939,0.052918,0.052873,0.052924,0.053199,0.049114,0.045868,0.048913,0.031438,0.04956,0.0076031,0.049949,-0.068468
39099,0.052973,0.052964,0.05294,0.052883,0.052805,0.052955,0.053448,0.049207,0.047408,0.051419,0.031778,0.050823,0.0084642,0.051406,-0.067636
39106,0.052986,0.052991,0.052984,0.052933,0.052787,0.052744,0.053524,0.050554,0.047815,0.050586,0.031964,0.051292,0.0085708,0.051431,-0.067362
39113,0.052983,0.052997,0.053009,0.052983,0.052841,0.052667,0.053258,0.050914,0.048212,0.050287,0.032754,0.051844,0.0088279,0.051501,-0.066534
39120,0.052986,0.053,0.053009,0.052976,0.052832,0.052695,0.053355,0.050937,0.04722,0.048744,0.031707,0.05088,0.007928,0.050581,-0.066929
39127,0.052984,0.05301,0.05304,0.053033,0.052875,0.052549,0.05307,0.0518,0.047625,0.047617,0.032185,0.050673,0.0082553,0.050709,-0.066317
39134,0.05297,0.05299,0.053015,0.053022,0.052941,0.05274,0.052811,0.050287,0.046743,0.048453,0.031565,0.050083,0.0081075,0.050129,-0.067126
39141,0.052969,0.052966,0.052954,0.052916,0.052835,0.052726,0.052356,0.048336,0.044203,0.046877,0.030699,0.049654,0.0078432,0.049114,-0.068578
39148,0.052954,0.052923,0.052871,0.0528,0.052752,0.052715,0.051777,0.047204,0.042737,0.045189,0.030537,0.048482,0.0074515,0.048784,-0.069393
39155,0.052925,0.052888,0.052839,0.052809,0.052916,0.053207,0.052026,0.04576,0.042949,0.047287,0.029744,0.048748,0.0087966,0.050236,-0.069225
39162,0.05297,0.052948,0.052905,0.052827,0.052738,0.052846,0.052975,0.049078,0.042457,0.043118,0.030655,0.048629,0.0088915,0.05056,-0.068883
39169,0.052958,0.052954,0.052945,0.052922,0.05286,0.052742,0.052361,0.048593,0.042607,0.044252,0.032136,0.049013,0.010773,0.052756,-0.067461
39176,0.052965,0.052962,0.052952,0.05292,0.052841,0.052738,0.052505,0.048977,0.043263,0.045195,0.032928,0.048856,0.010864,0.052781,-0.067526
39183,0.052969,0.052958,0.052935,0.052884,0.052802,0.052801,0.052885,0.049773,0.04493,0.047181,0.033712,0.049299,0.011247,0.05357,-0.066723
39190,0.052963,0.052957,0.052942,0.052905,0.05283,0.052768,0.052891,0.050391,0.043627,0.044232,0.033432,0.048538,0.010235,0.052149,-0.067669
39197,0.052958,0.052947,0.052926,0.052891,0.052848,0.052848,0.052687,0.049253,0.043314,0.045091,0.033108,0.048565,0.010713,0.052802,-0.067366
39204,0.052965,0.052958,0.05294,0.052897,0.052814,0.052753,0.052811,0.050177,0.04429,0.04518,0.033125,0.048234,0.010716,0.052786,-0.067174
39211,0.05295,0.052934,0.052909,0.052876,0.052865,0.052931,0.052682,0.049407,0.045505,0.047364,0.032538,0.048191,0.010691,0.053037,-0.067148
39218,0.052941,0.052915,0.052877,0.052839,0.052874,0.053071,0.052702,0.049034,0.045986,0.047946,0.032799,0.049198,0.010887,0.053545,-0.066855
39225,0.052951,0.052924,0.05288,0.052825,0.052814,0.052993,0.052937,0.050029,0.047332,0.049268,0.03492,0.051403,0.011756,0.054634,-0.064969
39232,0.05295,0.052918,0.052868,0.052805,0.052805,0.053046,0.052979,0.049742,0.047964,0.05066,0.035591,0.051628,0.010975,0.054458,-0.064387
39239,0.052954,0.052933,0.052898,0.052847,0.052805,0.052877,0.052912,0.050846,0.04942,0.05139,0.037512,0.053035,0.011395,0.055457,-0.06245
39246,0.052957,0.052938,0.052906,0.052855,0.052806,0.052857,0.052904,0.05111,0.050934,0.054189,0.040529,0.056677,0.014107,0.056767,-0.058929
39253,0.052952,0.052923,0.052876,0.052816,0.052811,0.053032,0.052955,0.049768,0.049501,0.054028,0.038729,0.056278,0.014099,0.055875,-0.05838
39260,0.052947,0.052908,0.052847,0.052776,0.052805,0.053169,0.053032,0.048591,0.047924,0.054057,0.037595,0.056184,0.014596,0.054794,-0.058309
39267,0.052954,0.052913,0.052846,0.052761,0.052757,0.053124,0.053257,0.048969,0.047775,0.053604,0.036662,0.056252,0.01405,0.053825,-0.058466
39274,0.052953,0.052912,0.052845,0.05276,0.052757,0.053125,0.053273,0.04878,0.047907,0.054857,0.037271,0.057498,0.015511,0.054694,-0.057147
39281,0.052958,0.052929,0.052879,0.052807,0.052764,0.052963,0.053233,0.049753,0.047495,0.053281,0.037508,0.056693,0.015173,0.053526,-0.057497
39288,0.052953,0.052932,0.052898,0.05285,0.05282,0.05293,0.053002,0.049709,0.045955,0.050958,0.036893,0.055564,0.014935,0.052587,-0.058135
39295,0.052998,0.052968,0.052928,0.052914,0.05303,0.053246,0.051874,0.045795,0.043701,0.05151,0.035784,0.054535,0.014899,0.05173,-0.059525
39302,0.053256,0.053197,0.0531,0.052987,0.053047,0.053593,0.052764,0.046186,0.043998,0.051966,0.035219,0.054648,0.015665,0.052595,-0.059509
39309,0.05574,0.055706,0.055537,0.055073,0.054281,0.053738,0.052498,0.04686,0.040499,0.045583,0.036258,0.054158,0.016471,0.053531,-0.058889
39316,0.054688,0.054562,0.05439,0.054246,0.054383,0.054844,0.052509,0.043632,0.03973,0.047611,0.035128,0.051174,0.015065,0.052799,-0.060795
39323,0.055456,0.055328,0.055098,0.054755,0.054536,0.054979,0.053441,0.045064,0.039816,0.045263,0.034487,0.04974,0.014725,0.0513,-0.061611
39330,0.058338,0.058152,0.057699,0.056774,0.055588,0.055716,0.055517,0.047899,0.037618,0.039283,0.0348,0.047982,0.015075,0.04954,-0.062603
39337,0.057836,0.057528,0.057011,0.056272,0.055693,0.056098,0.054131,0.044331,0.036693,0.039733,0.034113,0.046239,0.014798,0.047697,-0.064492
39344,0.050301,0.050009,0.049908,0.050549,0.052453,0.053675,0.049395,0.042804,0.03774,0.038938,0.036722,0.046494,0.01745,0.049299,-0.063398
39351,0.050705,0.050647,0.050657,0.050925,0.051747,0.052713,0.050352,0.04457,0.03778,0.038809,0.039194,0.047503,0.019503,0.049482,-0.062241
39358,0.050754,0.050684,0.05066,0.050915,0.052018,0.053805,0.050699,0.043777,0.039412,0.040145,0.03846,0.045421,0.017702,0.047494,-0.062973
39365,0.050602,0.050512,0.050461,0.050701,0.051884,0.054024,0.051574,0.046575,0.041338,0.039336,0.040801,0.046036,0.018029,0.047702,-0.061794
39372,0.049503,0.04948,0.049619,0.050295,0.052091,0.053812,0.048813,0.04564,0.040657,0.035149,0.041185,0.04479,0.019048,0.047082,-0.06085
39379,0.047627,0.047612,0.047847,0.048863,0.051399,0.053389,0.045225,0.041453,0.038956,0.030896,0.040226,0.042159,0.017438,0.044645,-0.062702
39386,0.046286,0.046698,0.047559,0.049162,0.051162,0.050627,0.043746,0.040791,0.041048,0.037936,0.040732,0.043203,0.018257,0.045731,-0.062149
39393,0.046122,0.046857,0.048134,0.05004,0.051616,0.049784,0.04506,0.042963,0.036755,0.032538,0.04014,0.043894,0.019581,0.046134,-0.061137
39400,0.046221,0.047042,0.048394,0.050261,0.051472,0.048849,0.0443,0.042073,0.034554,0.03241,0.039619,0.042838,0.01894,0.044691,-0.062188
39407,0.047606,0.04855,0.050047,0.052011,0.053109,0.049999,0.045062,0.042167,0.029022,0.026577,0.039217,0.040104,0.020687,0.044566,-0.063264
39414,0.047909,0.048936,0.050602,0.052859,0.054232,0.050773,0.045277,0.042543,0.028428,0.026221,0.0391,0.037661,0.019113,0.042072,-0.066558
39421,0.053085,0.053239,0.053154,0.052386,0.050717,0.049211,0.046697,0.041447,0.026399,0.023885,0.037529,0.036606,0.020744,0.042652,-0.066236
39428,0.050887,0.050731,0.050472,0.050108,0.049808,0.049848,0.048402,0.042183,0.027473,0.027049,0.039024,0.037972,0.022369,0.04365,-0.064898
39435,0.048892,0.048746,0.048588,0.048514,0.048605,0.048374,0.046506,0.042492,0.027145,0.02457,0.039066,0.035788,0.021959,0.041145,-0.065214
39442,0.048167,0.04803,0.047864,0.047759,0.047927,0.048239,0.046079,0.039333,0.028356,0.030585,0.0421,0.038952,0.024138,0.04391,-0.062122
